1,Circle,Area,18039.555582934358,Perimeter,476.1215613406782,CentroidX,490.064,CentroidY,36.3991,CenterX,490.064,CenterY,36.3991,Radius,75.7771
2,Equilateral Triangle,Area,3670.7503321634913,Perimeter,276.21569999999997,CentroidX,225.015,CentroidY,265.596,CenterX,225.015,CenterY,265.596,Side Length,92.0719,Orientation,1.87115
3,Equilateral Triangle,Area,989.2033039217681,Perimeter,143.38830000000002,CentroidX,130.116,CentroidY,252.153,CenterX,130.116,CenterY,252.153,Side Length,47.7961,Orientation,6.21924
4,Polygon,Area,41810.5961642,Perimeter,971.2385999634557,CentroidX,262.32704945989326,CentroidY,202.21658011677857,X0,346.746,Y0,51.165,X1,413.75,Y1,208.36,X2,309.926,Y2,280.286,X3,34.4096,Y3,297.813,X4,346.746,Y4,51.165
5,Equilateral Triangle,Area,176.3018507688071,Perimeter,60.534000000000006,CentroidX,431.063,CentroidY,37.5185,CenterX,431.063,CenterY,37.5185,Side Length,20.178,Orientation,0.825963
6,Square,Area,2.7310537081,Perimeter,6.61036,CentroidX,174.317,CentroidY,270.922,CenterX,174.317,CenterY,270.922,Side Length,1.65259,Orientation,3.22175
7,Ellipse,Area,433.6366071844267,Perimeter,1133.8578805191826,CentroidX,161.34,CentroidY,140.239,CenterX,161.34,CenterY,140.239,R1,6.58786,R2,20.9523,Orientation,2.44081
8,Circle,Area,21315.70023336433,Perimeter,517.5528852562204,CentroidX,254.134,CentroidY,439.289,CenterX,254.134,CenterY,439.289,Radius,82.3711
9,Ellipse,Area,715.492383103361,Perimeter,1891.863745193136,CentroidX,179.439,CentroidY,462.482,CenterX,179.439,CenterY,462.482,R1,37.3241,R2,6.10191,Orientation,2.8185
10,Square,Area,373.99305320999997,Perimeter,77.3556,CentroidX,7.70121,CentroidY,111.92,CenterX,7.70121,CenterY,111.92,Side Length,19.3389,Orientation,2.89026
11,Square,Area,4103.811721000001,Perimeter,256.244,CentroidX,243.771,CentroidY,37.9366,CenterX,243.771,CenterY,37.9366,Side Length,64.061,Orientation,4.85513
12,Equilateral Triangle,Area,291.7446748512344,Perimeter,77.8704,CentroidX,86.8139,CentroidY,278.335,CenterX,86.8139,CenterY,278.335,Side Length,25.9568,Orientation,5.12174
13,Circle,Area,13222.430979790055,Perimeter,407.6247883959293,CentroidX,43.9437,CentroidY,199.019,CenterX,43.9437,CenterY,199.019,Radius,64.8755
14,Circle,Area,29827.40760843978,Perimeter,612.2272931462717,CentroidX,476.976,CentroidY,341.994,CenterX,476.976,CenterY,341.994,Radius,97.439
15,Equilateral Triangle,Area,2225.338019870254,Perimeter,215.06459999999998,CentroidX,278.503,CentroidY,122.108,CenterX,278.503,CenterY,122.108,Side Length,71.6882,Orientation,1.10695
16,Circle,Area,2675.419478703476,Perimeter,183.35842690823756,CentroidX,8.91554,CentroidY,7.6538,CenterX,8.91554,CenterY,7.6538,Radius,29.1824
17,Equilateral Triangle,Area,1886.1633192810289,Perimeter,197.99790000000002,CentroidX,346.59,CentroidY,403.456,CenterX,346.59,CenterY,403.456,Side Length,65.9993,Orientation,1.36396
18,Equilateral Triangle,Area,789.4929375884498,Perimeter,128.09879999999998,CentroidX,205.133,CentroidY,162.349,CenterX,205.133,CenterY,162.349,Side Length,42.6996,Orientation,5.94366
19,Polygon,Area,151394.73092748996,Perimeter,1587.369534317144,CentroidX,236.8981180099624,CentroidY,216.35872934032176,X0,216.812,Y0,15.7871,X1,470.948,Y1,42.8918,X2,477.327,Y2,263.825,X3,187.539,Y3,429.131,X4,21.7573,Y4,485.907,X5,71.2686,Y5,33.2874,X6,216.812,Y6,15.7871
20,Polygon,Area,117991.621211665,Perimeter,1355.0214696855858,CentroidX,255.70430371300404,CentroidY,237.1997105621462,X0,82.5802,Y0,23.7743,X1,224.768,Y1,27.4146,X2,432.694,Y2,163.544,X3,418.203,Y3,454.845,X4,163.868,Y4,422.355,X5,64.0237,Y5,112.866,X6,82.5802,Y6,23.7743
21,Polygon,Area,106215.38893535003,Perimeter,1277.771357314031,CentroidX,291.3084387978488,CentroidY,236.14819987948192,X0,458.165,Y0,44.7399,X1,474.716,Y1,187.747,X2,353.942,Y2,416.286,X3,170.07,Y3,455.787,X4,151.173,Y4,443.717,X5,134.283,Y5,222.852,X6,163.889,Y6,78.7795,X7,458.165,Y7,44.7399
22,Square,Area,4240.718592640001,Perimeter,260.4832,CentroidX,75.5525,CentroidY,458.609,CenterX,75.5525,CenterY,458.609,Side Length,65.1208,Orientation,3.31857
23,Equilateral Triangle,Area,160.68340661330893,Perimeter,57.7905,CentroidX,180.233,CentroidY,275.584,CenterX,180.233,CenterY,275.584,Side Length,19.2635,Orientation,1.96671
24,Polygon,Area,160075.64178580997,Perimeter,1599.3939649051044,CentroidX,242.23387214561367,CentroidY,234.58529426270007,X0,170.379,Y0,36.4287,X1,485.334,Y1,50.1556,X2,424.723,Y2,393.274,X3,56.6635,Y3,477.672,X4,43.1985,Y4,391.629,X5,47.4816,Y5,43.7644,X6,170.379,Y6,36.4287
25,Polygon,Area,164387.68529314,Perimeter,1534.7981294742426,CentroidX,264.72179009756167,CentroidY,261.19769196784307,X0,341.37,Y0,30.8852,X1,392.367,Y1,51.2942,X2,440.548,Y2,135.615,X3,483.713,Y3,469.425,X4,453.643,Y4,492.148,X5,175.031,Y5,471.164,X6,25.1944,Y6,270.71,X7,54.3812,Y7,114.282,X8,82.6794,Y8,62.4275,X9,341.37,Y9,30.8852
26,Circle,Area,2164.1104945520183,Perimeter,164.90910989076613,CentroidX,302.63,CentroidY,181.149,CenterX,302.63,CenterY,181.149,Radius,26.2461
27,Equilateral Triangle,Area,2836.676859852806,Perimeter,242.8152,CentroidX,206.127,CentroidY,22.5172,CenterX,206.127,CenterY,22.5172,Side Length,80.9384,Orientation,0.629217
28,Equilateral Triangle,Area,3911.3464546568134,Perimeter,285.1242,CentroidX,375.935,CentroidY,390.839,CenterX,375.935,CenterY,390.839,Side Length,95.0414,Orientation,0.209316
29,Square,Area,9008.933157160001,Perimeter,379.6616,CentroidX,310.741,CentroidY,291.759,CenterX,310.741,CenterY,291.759,Side Length,94.9154,Orientation,0.281193
30,Ellipse,Area,207.22196028154318,Perimeter,517.9128854018107,CentroidX,358.856,CentroidY,86.1241,CenterX,358.856,CenterY,86.1241,R1,10.0164,R2,6.58528,Orientation,3.79272
31,Polygon,Area,118260.04896234999,Perimeter,1320.6643891860704,CentroidX,281.1164034834534,CentroidY,215.3596895731679,X0,114.35,Y0,63.4054,X1,492.819,Y1,68.6213,X2,476.957,Y2,265.917,X3,330.821,Y3,429.88,X4,137.971,Y4,338.455,X5,74.0008,Y5,251.873,X6,60.909,Y6,157.256,X7,114.35,Y7,63.4054
32,Polygon,Area,136325.66055107,Perimeter,1429.6659949318484,CentroidX,270.66068016403824,CentroidY,276.7055955757077,X0,131.916,Y0,86.3563,X1,386.668,Y1,90.0948,X2,456.163,Y2,123.173,X3,475.24,Y3,442.393,X4,155.702,Y4,455.164,X5,33.5718,Y5,391.522,X6,131.916,Y6,86.3563
33,Ellipse,Area,2712.6559313066364,Perimeter,7767.000382058577,CentroidX,205.762,CentroidY,381.666,CenterX,205.762,CenterY,381.666,R1,32.8325,R2,26.2991,Orientation,5.87101
34,Ellipse,Area,3772.455084592182,Perimeter,10867.83053369318,CentroidX,210.564,CentroidY,371.34,CenterX,210.564,CenterY,371.34,R1,25.8827,R2,46.3943,Orientation,3.49792
35,Polygon,Area,149428.2087749565,Perimeter,1503.034703724249,CentroidX,277.6016868854757,CentroidY,215.87412919448073,X0,112.943,Y0,8.05583,X1,457.345,Y1,22.4222,X2,468.977,Y2,105.895,X3,487.151,Y3,340.179,X4,400.918,Y4,401.082,X5,231.63,Y5,416.975,X6,195.507,Y6,420.365,X7,69.0061,Y7,405.436,X8,112.943,Y8,8.05583
36,Equilateral Triangle,Area,2988.403558175741,Perimeter,249.2244,CentroidX,351.629,CentroidY,176.996,CenterX,351.629,CenterY,176.996,Side Length,83.0748,Orientation,0.0283357
37,Square,Area,2336.9296272399997,Perimeter,193.3672,CentroidX,260.728,CentroidY,331.754,CenterX,260.728,CenterY,331.754,Side Length,48.3418,Orientation,1.6038
38,Ellipse,Area,2350.357524924709,Perimeter,6676.825962299701,CentroidX,365.48,CentroidY,62.8667,CenterX,365.48,CenterY,62.8667,R1,44.1525,R2,16.9445,Orientation,2.7462
39,Polygon,Area,137930.41793583,Perimeter,1458.2478317967648,CentroidX,239.33820636029407,CentroidY,276.27809796036524,X0,41.1905,Y0,64.9796,X1,296.432,Y1,87.6916,X2,451.053,Y2,261.125,X3,455.39,Y3,491.14,X4,98.5946,Y4,427.146,X5,26.0501,Y5,250.545,X6,41.1905,Y6,64.9796
40,Polygon,Area,151294.86890375003,Perimeter,1495.4214216982605,CentroidX,256.3686576551303,CentroidY,252.00515148021452,X0,316.594,Y0,54.8595,X1,470.442,Y1,139.597,X2,496.625,Y2,272.324,X3,486.884,Y3,420.464,X4,151.898,Y4,415.814,X5,21.6601,Y5,397.735,X6,23.885,Y6,176.469,X7,62.0294,Y7,94.2193,X8,316.594,Y8,54.8595
41,Equilateral Triangle,Area,1193.0320937916983,Perimeter,157.4697,CentroidX,227.11,CentroidY,338.224,CenterX,227.11,CenterY,338.224,Side Length,52.4899,Orientation,4.87899
42,Equilateral Triangle,Area,3706.046458704842,Perimeter,277.54049999999995,CentroidX,267.253,CentroidY,398.188,CenterX,267.253,CenterY,398.188,Side Length,92.5135,Orientation,4.58459
43,Ellipse,Area,1220.3382313916359,Perimeter,3393.163742278385,CentroidX,370.994,CentroidY,40.8185,CenterX,370.994,CenterY,40.8185,R1,31.1962,R2,12.4517,Orientation,6.07558
44,Equilateral Triangle,Area,0.03852787998431525,Perimeter,0.8948670000000001,CentroidX,483.403,CentroidY,398.981,CenterX,483.403,CenterY,398.981,Side Length,0.298289,Orientation,4.98425
45,Circle,Area,28805.807270295587,Perimeter,601.651435637227,CentroidX,143.116,CentroidY,322.336,CenterX,143.116,CenterY,322.336,Radius,95.7558
46,Equilateral Triangle,Area,2652.1635418291994,Perimeter,234.78539999999998,CentroidX,68.1728,CentroidY,157.98,CenterX,68.1728,CenterY,157.98,Side Length,78.2618,Orientation,1.90483
47,Circle,Area,14071.222288628007,Perimeter,420.5046899571167,CentroidX,283.424,CentroidY,456.875,CenterX,283.424,CenterY,456.875,Radius,66.9254
48,Polygon,Area,99741.47167107,Perimeter,1275.6547673928583,CentroidX,233.5900534855017,CentroidY,245.8390134649196,X0,81.9841,Y0,71.5147,X1,445.061,Y1,130.094,X2,393.228,Y2,330.937,X3,242.653,Y3,410.561,X4,78.4732,Y4,435.554,X5,81.9841,Y5,71.5147
49,Polygon,Area,117843.77146307049,Perimeter,1465.1607591657157,CentroidX,176.64964870086746,CentroidY,202.9486857049819,X0,18.4643,Y0,3.75039,X1,229.853,Y1,6.22673,X2,432.503,Y2,190.879,X3,49.4958,Y3,493.953,X4,18.4643,Y4,3.75039
50,Ellipse,Area,1133.1861493668184,Perimeter,3149.490803992623,CentroidX,247.938,CentroidY,27.6851,CenterX,247.938,CenterY,27.6851,R1,27.0533,R2,13.3331,Orientation,1.59708
51,Square,Area,4097.6001562500005,Perimeter,256.05,CentroidX,380.745,CentroidY,211.543,CenterX,380.745,CenterY,211.543,Side Length,64.0125,Orientation,6.28196
52,Ellipse,Area,1131.9245271790357,Perimeter,3092.602470776694,CentroidX,431.636,CentroidY,431.574,CenterX,431.636,CenterY,431.574,R1,8.41705,R2,42.8063,Orientation,5.22424
53,Circle,Area,69.54817575259882,Perimeter,29.562952356957602,CentroidX,338.602,CentroidY,449.992,CenterX,338.602,CenterY,449.992,Radius,4.70509
54,Equilateral Triangle,Area,295.1466534547204,Perimeter,78.32310000000001,CentroidX,33.3188,CentroidY,363.087,CenterX,33.3188,CenterY,363.087,Side Length,26.1077,Orientation,1.48882
55,Equilateral Triangle,Area,3603.5951785910843,Perimeter,273.67740000000003,CentroidX,37.3402,CentroidY,160.616,CenterX,37.3402,CenterY,160.616,Side Length,91.2258,Orientation,3.56542
56,Ellipse,Area,3024.06385538464,Perimeter,8682.307115084517,CentroidX,321.473,CentroidY,24.3775,CenterX,321.473,CenterY,24.3775,R1,30.8457,R2,31.2066,Orientation,4.01814
57,Equilateral Triangle,Area,3424.769955226391,Perimeter,266.8005,CentroidX,84.0361,CentroidY,66.3385,CenterX,84.0361,CenterY,66.3385,Side Length,88.9335,Orientation,1.48778
58,Square,Area,37.7386605124,Perimeter,24.57272,CentroidX,152.693,CentroidY,170.563,CenterX,152.693,CenterY,170.563,Side Length,6.14318,Orientation,1.56153
59,Equilateral Triangle,Area,3456.9542988893486,Perimeter,268.0512,CentroidX,397.923,CentroidY,358.925,CenterX,397.923,CenterY,358.925,Side Length,89.3504,Orientation,1.64185
60,Square,Area,5257.830618810001,Perimeter,290.0436,CentroidX,435.522,CentroidY,281.959,CenterX,435.522,CenterY,281.959,Side Length,72.5109,Orientation,4.7596
61,Square,Area,2917.39336641,Perimeter,216.0516,CentroidX,39.5675,CentroidY,463.252,CenterX,39.5675,CenterY,463.252,Side Length,54.0129,Orientation,0.678924
62,Equilateral Triangle,Area,554.0490688416706,Perimeter,107.31120000000001,CentroidX,354.522,CentroidY,188.041,CenterX,354.522,CenterY,188.041,Side Length,35.7704,Orientation,4.27696
63,Equilateral Triangle,Area,3086.2013402383577,Perimeter,253.26959999999997,CentroidX,281.71,CentroidY,271.288,CenterX,281.71,CenterY,271.288,Side Length,84.4232,Orientation,2.79448
64,Polygon,Area,102137.94911853,Perimeter,1283.2405613578314,CentroidX,210.7722387089881,CentroidY,229.34927057613112,X0,76.4367,Y0,17.5307,X1,446.805,Y1,187.116,X2,380.085,Y2,344.573,X3,85.6238,Y3,406.277,X4,40.2407,Y4,330.134,X5,60.5678,Y5,80.9948,X6,76.4367,Y6,17.5307
65,Circle,Area,24.609682845593337,Perimeter,17.585630365146514,CentroidX,291.881,CentroidY,206.893,CenterX,291.881,CenterY,206.893,Radius,2.79884
66,Circle,Area,9589.630209843735,Perimeter,347.14096167342643,CentroidX,121.205,CentroidY,4.85909,CenterX,121.205,CenterY,4.85909,Radius,55.2492
67,Circle,Area,5505.043696155337,Perimeter,263.0179068697218,CentroidX,285.85,CentroidY,403.815,CenterX,285.85,CenterY,403.815,Radius,41.8606
68,Square,Area,1980.784036,Perimeter,178.024,CentroidX,15.0482,CentroidY,169.104,CenterX,15.0482,CenterY,169.104,Side Length,44.506,Orientation,1.13589
69,Ellipse,Area,2680.7212295546124,Perimeter,7642.880539060478,CentroidX,130.964,CentroidY,237.777,CenterX,130.964,CenterY,237.777,R1,18.1481,R2,47.0187,Orientation,4.38894
70,Ellipse,Area,434.8453623714329,Perimeter,1038.6294197967038,CentroidX,92.9278,CentroidY,446.848,CenterX,92.9278,CenterY,446.848,R1,43.7794,R2,3.16166,Orientation,2.12093
71,Ellipse,Area,577.7290090004266,Perimeter,1503.4849709354796,CentroidX,164.977,CentroidY,200.057,CenterX,164.977,CenterY,200.057,R1,5.44815,R2,33.754,Orientation,0.966403
72,Ellipse,Area,1982.745618480696,Perimeter,5593.816502502235,CentroidX,1.7139,CentroidY,383.353,CenterX,1.7139,CenterY,383.353,R1,43.9611,R2,14.3565,Orientation,0.140006
73,Circle,Area,21166.80243013168,Perimeter,515.7420712506912,CentroidX,321.122,CentroidY,377.709,CenterX,321.122,CenterY,377.709,Radius,82.0829
74,Equilateral Triangle,Area,1423.369139008044,Perimeter,172.0005,CentroidX,377.123,CentroidY,237.303,CenterX,377.123,CenterY,237.303,Side Length,57.3335,Orientation,5.66528
75,Equilateral Triangle,Area,523.9678346987004,Perimeter,104.35740000000001,CentroidX,323.976,CentroidY,290.66,CenterX,323.976,CenterY,290.66,Side Length,34.7858,Orientation,3.64065
76,Equilateral Triangle,Area,2343.2610888038876,Perimeter,220.6893,CentroidX,235.214,CentroidY,482.131,CenterX,235.214,CenterY,482.131,Side Length,73.5631,Orientation,4.95246
77,Square,Area,3142.18544704,Perimeter,224.2208,CentroidX,484.783,CentroidY,217.52,CenterX,484.783,CenterY,217.52,Side Length,56.0552,Orientation,4.19204
78,Circle,Area,228.86228198026268,Perimeter,53.62805473827999,CentroidX,491.723,CentroidY,330.057,CenterX,491.723,CenterY,330.057,Radius,8.53517
79,Circle,Area,4495.01048539177,Perimeter,237.66776742937503,CentroidX,450.162,CentroidY,378.538,CenterX,450.162,CenterY,378.538,Radius,37.826
80,Circle,Area,22844.203113099193,Perimeter,535.7879456547171,CentroidX,380.696,CentroidY,391.393,CenterX,380.696,CenterY,391.393,Radius,85.2733
81,Square,Area,5120.804976039999,Perimeter,286.2392,CentroidX,393.994,CentroidY,260.077,CenterX,393.994,CenterY,260.077,Side Length,71.5598,Orientation,2.88154
82,Polygon,Area,155989.0057163,Perimeter,1505.0617587532383,CentroidX,279.8370729751399,CentroidY,239.17122558885646,X0,203.35,Y0,10.3975,X1,475.471,Y1,15.1219,X2,458.955,Y2,353.766,X3,414.462,Y3,429.034,X4,346.124,Y4,461.613,X5,286.524,Y5,463.407,X6,86.5094,Y6,436.975,X7,59.5384,Y7,242.856,X8,203.35,Y8,10.3975
83,Equilateral Triangle,Area,2970.480263964717,Perimeter,248.4759,CentroidX,169.95,CentroidY,204.524,CenterX,169.95,CenterY,204.524,Side Length,82.8253,Orientation,1.92188
84,Circle,Area,2980.124342767918,Perimeter,193.51833754994695,CentroidX,173.793,CentroidY,249.341,CenterX,173.793,CenterY,249.341,Radius,30.7994
85,Square,Area,53.141475632399995,Perimeter,29.15928,CentroidX,335.719,CentroidY,90.0439,CenterX,335.719,CenterY,90.0439,Side Length,7.28982,Orientation,5.99132
86,Polygon,Area,122769.13583302,Perimeter,1463.7366535916044,CentroidX,248.89625868638538,CentroidY,268.0530462518715,X0,11.4242,Y0,41.7695,X1,100.802,Y1,44.3683,X2,334.112,Y2,158.905,X3,497.381,Y3,249,X4,471.968,Y4,374.459,X5,325.67,Y5,447.235,X6,178.501,Y6,493.781,X7,152.342,Y7,434.09,X8,22.9856,Y8,83.8011,X9,11.4242,Y9,41.7695
87,Equilateral Triangle,Area,14.122341373538081,Perimeter,17.132640000000002,CentroidX,354.108,CentroidY,101.936,CenterX,354.108,CenterY,101.936,Side Length,5.71088,Orientation,3.77637
88,Equilateral Triangle,Area,1211.2889909648736,Perimeter,158.67000000000002,CentroidX,431.005,CentroidY,365.301,CenterX,431.005,CenterY,365.301,Side Length,52.89,Orientation,0.902048
89,Equilateral Triangle,Area,1206.264923003372,Perimeter,158.3406,CentroidX,386.068,CentroidY,319.077,CenterX,386.068,CenterY,319.077,Side Length,52.7802,Orientation,6.00486
90,Polygon,Area,148036.85703026498,Perimeter,1478.1483366574973,CentroidX,243.14395517149245,CentroidY,290.23546472587316,X0,291.356,Y0,76.0924,X1,369.005,Y1,88.8647,X2,488.989,Y2,303.871,X3,493.091,Y3,409.766,X4,231.151,Y4,463.979,X5,34.4242,Y5,484.326,X6,7.09501,Y6,287.242,X7,122.493,Y7,111.109,X8,291.356,Y8,76.0924
91,Ellipse,Area,5381.404299711094,Perimeter,15624.082491411213,CentroidX,363.458,CentroidY,364.548,CenterX,363.458,CenterY,364.548,R1,41.9487,R2,40.8345,Orientation,6.02376
92,Polygon,Area,11552.765428000013,Perimeter,814.3193298532194,CentroidX,259.07700000000006,CentroidY,216.6759333333333,X0,381.113,Y0,13.3588,X1,245.449,Y1,302.492,X2,150.669,Y2,334.177,X3,381.113,Y3,13.3588
93,Ellipse,Area,5190.312018760451,Perimeter,15060.028347479492,CentroidX,151.442,CentroidY,424.782,CenterX,151.442,CenterY,424.782,R1,39.5999,R2,41.7205,Orientation,1.15964
94,Ellipse,Area,184.3047223362912,Perimeter,444.6509510456631,CentroidX,29.4836,CentroidY,160.908,CenterX,29.4836,CenterY,160.908,R1,4.3567,R2,13.4657,Orientation,5.5517
95,Polygon,Area,118260.48571657999,Perimeter,1390.525182445733,CentroidX,199.41400272732318,CentroidY,226.58884640836138,X0,58.5566,Y0,22.2934,X1,416.709,Y1,95.193,X2,347.003,Y2,367.167,X3,121.256,Y3,419.975,X4,20.0499,Y4,431.092,X5,58.5566,Y5,22.2934
96,Circle,Area,7482.342304363162,Perimeter,306.6364075906932,CentroidX,449.61,CentroidY,47.6615,CenterX,449.61,CenterY,47.6615,Radius,48.8027
97,Circle,Area,19370.57594513376,Perimeter,493.373931557132,CentroidX,90.7461,CentroidY,137.382,CenterX,90.7461,CenterY,137.382,Radius,78.5229
98,Ellipse,Area,1514.7987112834883,Perimeter,4263.334277515222,CentroidX,274.12,CentroidY,245.758,CenterX,274.12,CenterY,245.758,R1,27.4091,R2,17.5918,Orientation,2.32472
99,Equilateral Triangle,Area,62.12748261180601,Perimeter,35.934599999999996,CentroidX,98.1598,CentroidY,354.26,CenterX,98.1598,CenterY,354.26,Side Length,11.9782,Orientation,4.86021
100,Polygon,Area,3265.6485222599977,Perimeter,668.8979758532482,CentroidX,112.0263466666668,CentroidY,273.18666666666707,X0,2.63074,Y0,176.025,X1,261.332,Y1,385.894,X2,72.1163,Y2,257.641,X3,2.63074,Y3,176.025
101,Ellipse,Area,276.2293657609856,Perimeter,577.1827301297371,CentroidX,129.761,CentroidY,447.159,CenterX,129.761,CenterY,447.159,R1,42.8843,R2,2.05032,Orientation,5.47193
102,Ellipse,Area,4639.797918614593,Perimeter,13435.967364151027,CentroidX,336.322,CentroidY,443.719,CenterX,336.322,CenterY,443.719,R1,36.4711,R2,40.4949,Orientation,6.15881
103,Square,Area,1207.43045361,Perimeter,138.9924,CentroidX,380.389,CentroidY,140.511,CenterX,380.389,CenterY,140.511,Side Length,34.7481,Orientation,2.19901
104,Circle,Area,3558.6493229618172,Perimeter,211.46939797255902,CentroidX,13.1969,CentroidY,443.886,CenterX,13.1969,CenterY,443.886,Radius,33.6564
105,Circle,Area,2643.6284538273053,Perimeter,182.26578098331905,CentroidX,5.58063,CentroidY,328.627,CenterX,5.58063,CenterY,328.627,Radius,29.0085
106,Ellipse,Area,1307.4985590604433,Perimeter,3666.131417383441,CentroidX,378.127,CentroidY,488.436,CenterX,378.127,CenterY,488.436,R1,20.3304,R2,20.4713,Orientation,4.02958
107,Ellipse,Area,4463.382908502163,Perimeter,12916.0433990615,CentroidX,37.5477,CentroidY,183.337,CenterX,37.5477,CenterY,183.337,R1,35.8528,R2,39.627,Orientation,2.82627
108,Ellipse,Area,3002.003383263628,Perimeter,8611.553116114204,CentroidX,218.073,CentroidY,3.85812,CenterX,218.073,CenterY,3.85812,R1,37.8465,R2,25.2485,Orientation,0.705327
109,Equilateral Triangle,Area,180.27500766318204,Perimeter,61.2123,CentroidX,144.306,CentroidY,263.396,CenterX,144.306,CenterY,263.396,Side Length,20.4041,Orientation,0.728645
110,Equilateral Triangle,Area,2414.9949839757583,Perimeter,224.0418,CentroidX,180.195,CentroidY,9.57489,CenterX,180.195,CenterY,9.57489,Side Length,74.6806,Orientation,2.74135
111,Ellipse,Area,6700.38582706329,Perimeter,19520.802470499028,CentroidX,176.031,CentroidY,488.244,CenterX,176.031,CenterY,488.244,R1,45.842,R2,46.525,Orientation,1.65022
112,Equilateral Triangle,Area,736.7660247211041,Perimeter,123.7473,CentroidX,454.5,CentroidY,85.1274,CenterX,454.5,CenterY,85.1274,Side Length,41.2491,Orientation,1.02056
113,Circle,Area,12412.637739968506,Perimeter,394.94532044604085,CentroidX,464.461,CentroidY,243.647,CenterX,464.461,CenterY,243.647,Radius,62.8575
114,Circle,Area,34.6802696970778,Perimeter,20.875946014957247,CentroidX,438.743,CentroidY,259.912,CenterX,438.743,CenterY,259.912,Radius,3.32251
115,Ellipse,Area,5369.77174995151,Perimeter,15588.553076771354,CentroidX,496.599,CentroidY,402.559,CenterX,496.599,CenterY,402.559,R1,38.1872,R2,44.7598,Orientation,2.90925
116,Ellipse,Area,614.2520518106252,Perimeter,1573.5713559588505,CentroidX,157.682,CentroidY,106.027,CenterX,157.682,CenterY,106.027,R1,42.1185,R2,4.6422,Orientation,3.54412
117,Polygon,Area,69596.19294358001,Perimeter,1046.617790320684,CentroidX,279.2134801413896,CentroidY,261.24009412176576,X0,347.678,Y0,74.8719,X1,419.516,Y1,298.978,X2,399.607,Y2,399.16,X3,297.865,Y3,431.697,X4,162.523,Y4,324.397,X5,86.4844,Y5,215.091,X6,347.678,Y6,74.8719
118,Circle,Area,3067.745595077675,Perimeter,196.34262934552416,CentroidX,377.228,CentroidY,322.656,CenterX,377.228,CenterY,322.656,Radius,31.2489
119,Equilateral Triangle,Area,316.953617267471,Perimeter,81.16499999999999,CentroidX,250.761,CentroidY,31.3297,CenterX,250.761,CenterY,31.3297,Side Length,27.055,Orientation,6.22771
120,Ellipse,Area,2738.8900257298874,Perimeter,7843.844934673762,CentroidX,157.207,CentroidY,473.421,CenterX,157.207,CenterY,473.421,R1,26.3684,R2,33.0629,Orientation,3.12254
121,Ellipse,Area,3602.60683370002,Perimeter,10380.754856489184,CentroidX,99.7278,CentroidY,163.145,CenterX,99.7278,CenterY,163.145,R1,37.336,R2,30.7142,Orientation,1.79463
122,Polygon,Area,177648.578995151,Perimeter,1694.9514649935738,CentroidX,249.67818306285005,CentroidY,243.95849045122546,X0,7.54847,Y0,44.4802,X1,494.776,Y1,53.7586,X2,463.709,Y2,391.597,X3,460.199,Y3,414.306,X4,355.002,Y4,436.012,X5,67.6039,Y5,486.586,X6,7.54847,Y6,44.4802
123,Ellipse,Area,4114.080342681755,Perimeter,11872.65538455778,CentroidX,159.138,CentroidY,26.8485,CenterX,159.138,CenterY,26.8485,R1,48.5147,R2,26.9929,Orientation,3.80775
124,Square,Area,2807.728144,Perimeter,211.952,CentroidX,47.3296,CentroidY,130.662,CenterX,47.3296,CenterY,130.662,Side Length,52.988,Orientation,5.30324
125,Polygon,Area,54568.726645600014,Perimeter,1105.038577387525,CentroidX,219.63885369068333,CentroidY,216.28921123690094,X0,428.817,Y0,105.673,X1,133.342,Y1,435.716,X2,114.162,Y2,265.739,X3,97.2188,Y3,107.244,X4,428.817,Y4,105.673
126,Circle,Area,8443.582899866791,Perimeter,325.7379192430498,CentroidX,371.759,CentroidY,182.562,CenterX,371.759,CenterY,182.562,Radius,51.8428
127,Circle,Area,435.17696516035494,Perimeter,73.94994947285015,CentroidX,404.853,CentroidY,14.149,CenterX,404.853,CenterY,14.149,Radius,11.7695
128,Polygon,Area,133254.55776572,Perimeter,1458.3723724563768,CentroidX,241.82214040017578,CentroidY,252.57684732831314,X0,33.2022,Y0,40.6204,X1,447.601,Y1,119.68,X2,454.721,Y2,201.04,X3,386.982,Y3,440.231,X4,133.185,Y4,476.073,X5,27.971,Y5,93.5123,X6,33.2022,Y6,40.6204
129,Polygon,Area,59322.302882465,Perimeter,1049.2305452712442,CentroidX,251.4043663759287,CentroidY,218.10512981963475,X0,207.524,Y0,58.5469,X1,386.801,Y1,183.526,X2,365.919,Y2,421.757,X3,53.4317,Y3,168.131,X4,207.524,Y4,58.5469
130,Equilateral Triangle,Area,1251.3452443766205,Perimeter,161.2722,CentroidX,22.1896,CentroidY,316.289,CenterX,22.1896,CenterY,316.289,Side Length,53.7574,Orientation,1.57557
131,Equilateral Triangle,Area,4328.170022675208,Perimeter,299.9322,CentroidX,147.356,CentroidY,226.994,CenterX,147.356,CenterY,226.994,Side Length,99.9774,Orientation,0.158212
132,Polygon,Area,149581.09409558502,Perimeter,1488.5454189320374,CentroidX,263.0214413656771,CentroidY,278.5263155714594,X0,173.488,Y0,36.2527,X1,411.32,Y1,91.7207,X2,439.31,Y2,149.837,X3,473.628,Y3,472.324,X4,330.562,Y4,477.311,X5,92.5037,Y5,450.99,X6,24.7381,Y6,366.268,X7,138.201,Y7,78.5497,X8,173.488,Y8,36.2527
133,Equilateral Triangle,Area,781.2939179116352,Perimeter,127.4319,CentroidX,0.625836,CentroidY,339.548,CenterX,0.625836,CenterY,339.548,Side Length,42.4773,Orientation,6.21622
134,Equilateral Triangle,Area,274.24977351226477,Perimeter,75.4995,CentroidX,111.596,CentroidY,278.333,CenterX,111.596,CenterY,278.333,Side Length,25.1665,Orientation,1.12385
135,Square,Area,5401.632617640001,Perimeter,293.9832,CentroidX,62.2313,CentroidY,73.7129,CenterX,62.2313,CenterY,73.7129,Side Length,73.4958,Orientation,0.265159
136,Equilateral Triangle,Area,513.8766897544403,Perimeter,103.3476,CentroidX,191.112,CentroidY,49.2648,CenterX,191.112,CenterY,49.2648,Side Length,34.4492,Orientation,4.0791
137,Equilateral Triangle,Area,2198.425844109413,Perimeter,213.7602,CentroidX,478.443,CentroidY,194.748,CenterX,478.443,CenterY,194.748,Side Length,71.2534,Orientation,1.89169
138,Square,Area,7273.923541290001,Perimeter,341.1492,CentroidX,44.9485,CentroidY,488.591,CenterX,44.9485,CenterY,488.591,Side Length,85.2873,Orientation,4.44735
139,Polygon,Area,68392.47438494,Perimeter,1197.65172817893,CentroidX,255.13310000000007,CentroidY,268.3295333333333,X0,183.289,Y0,58.3516,X1,494.534,Y1,333.386,X2,87.5763,Y2,413.251,X3,183.289,Y3,58.3516
140,Equilateral Triangle,Area,3808.699097146818,Perimeter,281.358,CentroidX,278.571,CentroidY,188.295,CenterX,278.571,CenterY,188.295,Side Length,93.786,Orientation,4.18347
141,Equilateral Triangle,Area,71.53241594650683,Perimeter,38.5587,CentroidX,474.298,CentroidY,3.23706,CenterX,474.298,CenterY,3.23706,Side Length,12.8529,Orientation,4.02462
142,Circle,Area,24784.056375349024,Perimeter,558.0731473022215,CentroidX,242.93,CentroidY,135.976,CenterX,242.93,CenterY,135.976,Radius,88.8201
143,Ellipse,Area,1916.8313566224087,Perimeter,5422.074658577713,CentroidX,85.785,CentroidY,438.13,CenterX,85.785,CenterY,438.13,R1,36.4532,R2,16.7378,Orientation,1.38984
144,Polygon,Area,51522.032718385,Perimeter,1130.1205999755448,CentroidX,350.67904880558217,CentroidY,216.82180440007767,X0,186.527,Y0,6.24889,X1,440.576,Y1,135.026,X2,447.194,Y2,358.619,X3,391.869,Y3,464.493,X4,186.527,Y4,6.24889
145,Equilateral Triangle,Area,3908.7459458147423,Perimeter,285.0294,CentroidX,123.028,CentroidY,237.636,CenterX,123.028,CenterY,237.636,Side Length,95.0098,Orientation,3.83765
146,Ellipse,Area,3285.7764485395373,Perimeter,9449.983473216318,CentroidX,347.6,CentroidY,248.326,CenterX,347.6,CenterY,248.326,R1,29.8916,R2,34.9896,Orientation,5.69163
147,Equilateral Triangle,Area,1327.9443496209535,Perimeter,166.13490000000002,CentroidX,43.418,CentroidY,219.238,CenterX,43.418,CenterY,219.238,Side Length,55.3783,Orientation,5.91833
148,Square,Area,8233.14872689,Perimeter,362.9468,CentroidX,225.93,CentroidY,357.951,CenterX,225.93,CenterY,357.951,Side Length,90.7367,Orientation,5.92534
149,Circle,Area,4390.833469755966,Perimeter,234.89751102743955,CentroidX,181.481,CentroidY,115.43,CenterX,181.481,CenterY,115.43,Radius,37.3851
150,Ellipse,Area,3957.507988120252,Perimeter,11423.047940456518,CentroidX,339.418,CentroidY,495.634,CenterX,339.418,CenterY,495.634,R1,30.7413,R2,40.9779,Orientation,1.53555
151,Equilateral Triangle,Area,190.50239234646628,Perimeter,62.9247,CentroidX,339.521,CentroidY,489.246,CenterX,339.521,CenterY,489.246,Side Length,20.9749,Orientation,2.49818
152,Polygon,Area,117838.45677361499,Perimeter,1343.65090044778,CentroidX,238.8163455643531,CentroidY,219.86800846696644,X0,82.7014,Y0,51.0727,X1,496.556,Y1,113.437,X2,457.554,Y2,261.256,X3,225.482,Y3,417.291,X4,53.6834,Y4,338.968,X5,23.1356,Y5,277.587,X6,36.4659,Y6,185.047,X7,82.7014,Y7,51.0727
153,Circle,Area,2301.2953189177524,Perimeter,170.05566697587693,CentroidX,178.261,CentroidY,419.928,CenterX,178.261,CenterY,419.928,Radius,27.0652
154,Equilateral Triangle,Area,3217.459970387381,Perimeter,258.5994,CentroidX,29.5732,CentroidY,160.143,CenterX,29.5732,CenterY,160.143,Side Length,86.1998,Orientation,1.03125
155,Square,Area,1249.0993747599998,Perimeter,141.3704,CentroidX,425.131,CentroidY,492.619,CenterX,425.131,CenterY,492.619,Side Length,35.3426,Orientation,2.18784
156,Equilateral Triangle,Area,1558.2326411187987,Perimeter,179.9646,CentroidX,104.653,CentroidY,335.574,CenterX,104.653,CenterY,335.574,Side Length,59.9882,Orientation,4.77374
157,Polygon,Area,91209.50363655,Perimeter,1222.3675007099926,CentroidX,219.72718443107095,CentroidY,305.13578378958334,X0,367.028,Y0,83.8277,X1,342.41,Y1,465.311,X2,133.124,Y2,473.422,X3,16.7428,Y3,370.42,X4,130.295,Y4,184.716,X5,152.787,Y5,171.585,X6,367.028,Y6,83.8277
158,Ellipse,Area,2369.612509127308,Perimeter,6758.407509477189,CentroidX,459.518,CentroidY,340.449,CenterX,459.518,CenterY,340.449,R1,33.6086,R2,22.4428,Orientation,2.37787
159,Ellipse,Area,1260.4077206962675,Perimeter,3526.1316213799532,CentroidX,474.43,CentroidY,350.311,CenterX,474.43,CenterY,350.311,R1,24.1958,R2,16.5814,Orientation,2.20709
160,Square,Area,8675.432164,Perimeter,372.568,CentroidX,76.8178,CentroidY,117.69,CenterX,76.8178,CenterY,117.69,Side Length,93.142,Orientation,1.63601
161,Circle,Area,10577.247978738558,Perimeter,364.57868585644195,CentroidX,322.932,CentroidY,169.225,CenterX,322.932,CenterY,169.225,Radius,58.0245
162,Equilateral Triangle,Area,909.9356843461567,Perimeter,137.5233,CentroidX,93.069,CentroidY,65.1998,CenterX,93.069,CenterY,65.1998,Side Length,45.8411,Orientation,3.37397
163,Ellipse,Area,379.60498505607876,Perimeter,999.8140791328008,CentroidX,114.373,CentroidY,237.774,CenterX,114.373,CenterY,237.774,R1,9.66007,R2,12.5084,Orientation,6.03883
164,Equilateral Triangle,Area,3717.873438013407,Perimeter,277.983,CentroidX,45.8741,CentroidY,396.959,CenterX,45.8741,CenterY,396.959,Side Length,92.661,Orientation,0.571539
165,Ellipse,Area,216.00443268764957,Perimeter,532.1535535809078,CentroidX,1.7315,CentroidY,469.872,CenterX,1.7315,CenterY,469.872,R1,4.85444,R2,14.1636,Orientation,0.352574
166,Ellipse,Area,4346.598473542652,Perimeter,12558.559996796106,CentroidX,157.133,CentroidY,461.302,CenterX,157.133,CenterY,461.302,R1,28.1364,R2,49.1735,Orientation,6.26247
167,Square,Area,80.9688629929,Perimeter,35.99308,CentroidX,366.795,CentroidY,268.573,CenterX,366.795,CenterY,268.573,Side Length,8.99827,Orientation,2.32874
168,Equilateral Triangle,Area,2262.8255710285466,Perimeter,216.8685,CentroidX,499.313,CentroidY,265.63,CenterX,499.313,CenterY,265.63,Side Length,72.2895,Orientation,2.81173
169,Ellipse,Area,37.9128799443947,Perimeter,49.26173777045527,CentroidX,442.384,CentroidY,276.135,CenterX,442.384,CenterY,276.135,R1,1.2147,R2,9.935,Orientation,0.195153
170,Circle,Area,8789.071320972578,Perimeter,332.3352638155884,CentroidX,103.472,CentroidY,325.408,CenterX,103.472,CenterY,325.408,Radius,52.8928
171,Ellipse,Area,3456.896078448078,Perimeter,9950.486697321847,CentroidX,281.932,CentroidY,453.624,CenterX,281.932,CenterY,453.624,R1,38.3952,R2,28.6589,Orientation,3.9166
172,Ellipse,Area,2524.4668556917727,Perimeter,7211.555077708337,CentroidX,499.345,CentroidY,299.135,CenterX,499.345,CenterY,299.135,R1,23.1029,R2,34.7819,Orientation,2.16193
173,Circle,Area,7303.095989352209,Perimeter,302.94126631154086,CentroidX,255.162,CentroidY,43.397,CenterX,255.162,CenterY,43.397,Radius,48.2146
174,Circle,Area,10866.819315699104,Perimeter,369.53549074527587,CentroidX,322.938,CentroidY,290.739,CenterX,322.938,CenterY,290.739,Radius,58.8134
175,Polygon,Area,16775.3286275,Perimeter,575.1700482869413,CentroidX,310.10465321388284,CentroidY,318.9123985535825,X0,383.039,Y0,232.404,X1,369.846,Y1,335.412,X2,253.179,Y2,442.881,X3,259.111,Y3,256.531,X4,383.039,Y4,232.404
176,Square,Area,5328.45981369,Perimeter,291.9852,CentroidX,496.984,CentroidY,311.564,CenterX,496.984,CenterY,311.564,Side Length,72.9963,Orientation,0.412819
177,Ellipse,Area,827.1197780894026,Perimeter,2194.2637057445722,CentroidX,172.56,CentroidY,207.514,CenterX,172.56,CenterY,207.514,R1,6.08983,R2,43.2328,Orientation,0.815618
178,Square,Area,2801.4896268099997,Perimeter,211.7164,CentroidX,39.1447,CentroidY,115.313,CenterX,39.1447,CenterY,115.313,Side Length,52.9291,Orientation,4.39768
179,Square,Area,126.45452304000001,Perimeter,44.9808,CentroidX,100.102,CentroidY,22.7101,CenterX,100.102,CenterY,22.7101,Side Length,11.2452,Orientation,4.98859
180,Equilateral Triangle,Area,1836.1778644192734,Perimeter,195.3567,CentroidX,44.8053,CentroidY,23.2052,CenterX,44.8053,CenterY,23.2052,Side Length,65.1189,Orientation,0.322954
181,Equilateral Triangle,Area,727.5890233490657,Perimeter,122.9742,CentroidX,439.027,CentroidY,403.864,CenterX,439.027,CenterY,403.864,Side Length,40.9914,Orientation,3.0831
182,Polygon,Area,75424.19304779998,Perimeter,1122.0191141472383,CentroidX,342.28674616879744,CentroidY,258.97846660650896,X0,204.121,Y0,84.6321,X1,456.792,Y1,131.997,X2,497.987,Y2,359.638,X3,247.748,Y3,449.693,X4,204.121,Y4,84.6321
183,Circle,Area,5868.232868147467,Perimeter,271.55549906511743,CentroidX,499.928,CentroidY,120.341,CenterX,499.928,CenterY,120.341,Radius,43.2194
184,Ellipse,Area,1878.839805763013,Perimeter,5285.660032750055,CentroidX,422.421,CentroidY,410.634,CenterX,422.421,CenterY,410.634,R1,13.4273,R2,44.5401,Orientation,3.68496
185,Circle,Area,893.5788154432897,Perimeter,105.96717684264517,CentroidX,216.198,CentroidY,324.356,CenterX,216.198,CenterY,324.356,Radius,16.8652
186,Ellipse,Area,1882.972815031975,Perimeter,5327.8664023276115,CentroidX,465.227,CentroidY,356.088,CenterX,465.227,CenterY,356.088,R1,17.4596,R2,34.3289,Orientation,5.79826
187,Ellipse,Area,369.4530561205942,Perimeter,967.606933193684,CentroidX,1.83538,CentroidY,345.9,CenterX,1.83538,CenterY,345.9,R1,8.08068,R2,14.5533,Orientation,3.77055
188,Ellipse,Area,2466.8240881359893,Perimeter,7044.640355992915,CentroidX,372.981,CentroidY,410.11,CenterX,372.981,CenterY,410.11,R1,23.7101,R2,33.1173,Orientation,4.50327
189,Circle,Area,1056.0701120225467,Perimeter,115.19968933301483,CentroidX,469.903,CentroidY,177.643,CenterX,469.903,CenterY,177.643,Radius,18.3346
190,Ellipse,Area,71.60354389005668,Perimeter,-12.638099499027007,CentroidX,165.878,CentroidY,112.01,CenterX,165.878,CenterY,112.01,R1,40.877,R2,0.557578,Orientation,2.71961
191,Square,Area,8220.12409201,Perimeter,362.6596,CentroidX,355.301,CentroidY,385.92,CenterX,355.301,CenterY,385.92,Side Length,90.6649,Orientation,2.79666
192,Ellipse,Area,236.01381073229643,Perimeter,464.00813486187957,CentroidX,462.123,CentroidY,4.74592,CenterX,462.123,CenterY,4.74592,R1,41.9246,R2,1.79192,Orientation,2.49021
193,Square,Area,2722.126276,Perimeter,208.696,CentroidX,370.825,CentroidY,153.082,CenterX,370.825,CenterY,153.082,Side Length,52.174,Orientation,2.67398
194,Square,Area,2675.0308084900003,Perimeter,206.8828,CentroidX,32.3166,CentroidY,91.269,CenterX,32.3166,CenterY,91.269,Side Length,51.7207,Orientation,3.76079
195,Equilateral Triangle,Area,361.6790644188932,Perimeter,86.7027,CentroidX,177.786,CentroidY,44.6286,CenterX,177.786,CenterY,44.6286,Side Length,28.9009,Orientation,3.62304
196,Ellipse,Area,4641.1026727175185,Perimeter,13440.30864395267,CentroidX,411.822,CentroidY,457.751,CenterX,411.822,CenterY,457.751,R1,38.3382,R2,38.5336,Orientation,0.457603
197,Square,Area,63.4461633961,Perimeter,31.86124,CentroidX,410.734,CentroidY,121.158,CenterX,410.734,CenterY,121.158,Side Length,7.96531,Orientation,5.46645
198,Equilateral Triangle,Area,1126.0231305945351,Perimeter,152.9835,CentroidX,66.4033,CentroidY,333.706,CenterX,66.4033,CenterY,333.706,Side Length,50.9945,Orientation,5.94422
199,Ellipse,Area,132.18787143326458,Perimeter,150.3492202079764,CentroidX,135.732,CentroidY,315.83,CenterX,135.732,CenterY,315.83,R1,0.963727,R2,43.6604,Orientation,5.71618
200,Circle,Area,31006.599610485475,Perimeter,624.2118408011861,CentroidX,75.1262,CentroidY,210.342,CenterX,75.1262,CenterY,210.342,Radius,99.3464
201,Circle,Area,11804.283963302614,Perimeter,385.14543632243283,CentroidX,50.618,CentroidY,291.049,CenterX,50.618,CenterY,291.049,Radius,61.2978
202,Equilateral Triangle,Area,506.3386655215798,Perimeter,102.5868,CentroidX,367.516,CentroidY,334.023,CenterX,367.516,CenterY,334.023,Side Length,34.1956,Orientation,1.12657
203,Circle,Area,12119.522723785414,Perimeter,390.25429429570056,CentroidX,322.936,CentroidY,283.356,CenterX,322.936,CenterY,283.356,Radius,62.1109
204,Equilateral Triangle,Area,4015.867421967006,Perimeter,288.90869999999995,CentroidX,61.318,CentroidY,322.268,CenterX,61.318,CenterY,322.268,Side Length,96.3029,Orientation,4.53931
205,Ellipse,Area,4229.632021239306,Perimeter,12225.965240605881,CentroidX,368.679,CentroidY,422.122,CenterX,368.679,CenterY,422.122,R1,40.6767,R2,33.0984,Orientation,1.64875
206,Equilateral Triangle,Area,1062.0227493149623,Perimeter,148.57229999999998,CentroidX,382.699,CentroidY,439.186,CenterX,382.699,CenterY,439.186,Side Length,49.5241,Orientation,3.916
207,Equilateral Triangle,Area,0.11893755640814703,Perimeter,1.572282,CentroidX,219.59,CentroidY,394.946,CenterX,219.59,CenterY,394.946,Side Length,0.524094,Orientation,5.38127
208,Circle,Area,11926.961759704614,Perimeter,387.1416042945238,CentroidX,61.5723,CentroidY,117.7,CenterX,61.5723,CenterY,117.7,Radius,61.6155
209,Equilateral Triangle,Area,972.3256311596558,Perimeter,142.15980000000002,CentroidX,296.78,CentroidY,230.903,CenterX,296.78,CenterY,230.903,Side Length,47.3866,Orientation,3.06724
210,Square,Area,2019.8912262399997,Perimeter,179.7728,CentroidX,143.829,CentroidY,283.744,CenterX,143.829,CenterY,283.744,Side Length,44.9432,Orientation,4.91834
211,Equilateral Triangle,Area,42.4271440281943,Perimeter,29.69565,CentroidX,26.4501,CentroidY,15.6155,CenterX,26.4501,CenterY,15.6155,Side Length,9.89855,Orientation,2.32079
212,Ellipse,Area,1317.6528173926324,Perimeter,3616.1270943039453,CentroidX,171.188,CentroidY,192.097,CenterX,171.188,CenterY,192.097,R1,48.5713,R2,8.63518,Orientation,5.98279
213,Circle,Area,19178.147027721392,Perimeter,490.91720610202475,CentroidX,314.435,CentroidY,95.5094,CenterX,314.435,CenterY,95.5094,Radius,78.1319
214,Equilateral Triangle,Area,575.0492529708266,Perimeter,109.326,CentroidX,445.409,CentroidY,324.701,CenterX,445.409,CenterY,324.701,Side Length,36.442,Orientation,6.21674
215,Equilateral Triangle,Area,1608.2938347172158,Perimeter,182.8326,CentroidX,199.829,CentroidY,97.1591,CenterX,199.829,CenterY,97.1591,Side Length,60.9442,Orientation,4.94898
216,Circle,Area,16273.532763506679,Perimeter,452.215926202452,CentroidX,330.129,CentroidY,90.3671,CenterX,330.129,CenterY,90.3671,Radius,71.9724
217,Ellipse,Area,780.2632566605075,Perimeter,2067.9638352540755,CentroidX,193.961,CentroidY,359.916,CenterX,193.961,CenterY,359.916,R1,40.6031,R2,6.11691,Orientation,6.25082
218,Square,Area,696.5007156900001,Perimeter,105.5652,CentroidX,239.65,CentroidY,247.747,CenterX,239.65,CenterY,247.747,Side Length,26.3913,Orientation,2.10033
219,Ellipse,Area,2878.6166576081055,Perimeter,8246.848348651381,CentroidX,447.825,CentroidY,42.355,CenterX,447.825,CenterY,42.355,R1,23.7005,R2,38.6613,Orientation,5.51129
220,Equilateral Triangle,Area,2456.199263993486,Perimeter,225.945,CentroidX,110.563,CentroidY,445.16,CenterX,110.563,CenterY,445.16,Side Length,75.315,Orientation,0.112816
221,Polygon,Area,183687.9426175463,Perimeter,1677.35022513002,CentroidX,249.4662542708156,CentroidY,242.6012984100717,X0,269.452,Y0,0.473386,X1,468.569,Y1,52.7356,X2,455.399,Y2,466.949,X3,8.98025,Y3,438.476,X4,29.9719,Y4,243.668,X5,51.8081,Y5,55.6585,X6,269.452,Y6,0.473386
222,Circle,Area,18122.400406625362,Perimeter,477.2135789470661,CentroidX,272.921,CentroidY,371.222,CenterX,272.921,CenterY,371.222,Radius,75.9509
223,Polygon,Area,164911.2074309,Perimeter,1528.7145785743094,CentroidX,265.49934309813676,CentroidY,284.0720731279239,X0,272.692,Y0,37.8726,X1,480.274,Y1,155.751,X2,468.781,Y2,493.772,X3,317.211,Y3,490.315,X4,115.337,Y4,461.399,X5,66.3838,Y5,438.266,X6,15.1512,Y6,336.267,X7,42.9298,Y7,233.11,X8,166.754,Y8,59.904,X9,272.692,Y9,37.8726
224,Equilateral Triangle,Area,1489.7763654458436,Perimeter,175.96710000000002,CentroidX,286.517,CentroidY,435.412,CenterX,286.517,CenterY,435.412,Side Length,58.6557,Orientation,2.78179
225,Polygon,Area,63668.7306996,Perimeter,1210.0480020766283,CentroidX,289.72446029682396,CentroidY,299.07399250714286,X0,202.007,Y0,170.989,X1,404.88,Y1,224.364,X2,475.179,Y2,489.211,X3,375.18,Y3,455.293,X4,22.4362,Y4,192.645,X5,202.007,Y5,170.989
226,Equilateral Triangle,Area,3816.085669267908,Perimeter,281.63070000000005,CentroidX,232.58,CentroidY,390.187,CenterX,232.58,CenterY,390.187,Side Length,93.8769,Orientation,0.339735
227,Polygon,Area,150424.18470216,Perimeter,1520.3831868308305,CentroidX,233.8500480707161,CentroidY,275.01912956079,X0,37.075,Y0,35.4685,X1,305.318,Y1,107.136,X2,461.619,Y2,153.74,X3,477.794,Y3,233.432,X4,354.095,Y4,489.665,X5,130.871,Y5,489.994,X6,87.8071,Y6,465.061,X7,62.7818,Y7,439.013,X8,34.9386,Y8,82.0044,X9,37.075,Y9,35.4685
228,Circle,Area,1647.0509769127536,Perimeter,143.86609397849097,CentroidX,288.721,CentroidY,386.897,CenterX,288.721,CenterY,386.897,Radius,22.897
229,Square,Area,1704.9962305600002,Perimeter,165.1664,CentroidX,403.209,CentroidY,429.924,CenterX,403.209,CenterY,429.924,Side Length,41.2916,Orientation,2.02239
230,Equilateral Triangle,Area,1242.4133165588019,Perimeter,160.69559999999998,CentroidX,2.94028,CentroidY,180.314,CenterX,2.94028,CenterY,180.314,Side Length,53.5652,Orientation,0.413056
231,Ellipse,Area,3440.653607747639,Perimeter,9903.352190649552,CentroidX,338.178,CentroidY,449.087,CenterX,338.178,CenterY,449.087,R1,28.9898,R2,37.7786,Orientation,2.23585
232,Ellipse,Area,5270.513792937391,Perimeter,15291.49358103341,CentroidX,121.777,CentroidY,351.517,CenterX,121.777,CenterY,351.517,R1,48.3547,R2,34.6948,Orientation,1.17271
233,Ellipse,Area,793.430366332307,Perimeter,2140.2127699446396,CentroidX,35.8415,CentroidY,105.683,CenterX,35.8415,CenterY,105.683,R1,7.81769,R2,32.3058,Orientation,2.27397
234,Circle,Area,3.213247969965453,Perimeter,6.354436628563002,CentroidX,250.655,CentroidY,426.403,CenterX,250.655,CenterY,426.403,Radius,1.01134
235,Equilateral Triangle,Area,56.6055517881228,Perimeter,34.3005,CentroidX,58.601,CentroidY,16.027,CenterX,58.601,CenterY,16.027,Side Length,11.4335,Orientation,4.11678
236,Ellipse,Area,926.4622892947939,Perimeter,2461.1649561297877,CentroidX,425.145,CentroidY,207.539,CenterX,425.145,CenterY,207.539,R1,6.01857,R2,48.9987,Orientation,3.62826
237,Circle,Area,1131.2039336161092,Perimeter,119.22721111491695,CentroidX,295.221,CentroidY,91.3563,CenterX,295.221,CenterY,91.3563,Radius,18.9756
238,Square,Area,30.331014169600003,Perimeter,22.02944,CentroidX,80.4496,CentroidY,468.102,CenterX,80.4496,CenterY,468.102,Side Length,5.50736,Orientation,2.55894
239,Equilateral Triangle,Area,2495.3913550342686,Perimeter,227.7405,CentroidX,5.48359,CentroidY,284.68,CenterX,5.48359,CenterY,284.68,Side Length,75.9135,Orientation,2.34393
240,Equilateral Triangle,Area,1484.3358681816628,Perimeter,175.6455,CentroidX,120.929,CentroidY,31.8005,CenterX,120.929,CenterY,31.8005,Side Length,58.5485,Orientation,3.53477
241,Circle,Area,130.7054032508986,Perimeter,40.52767620466362,CentroidX,10.4677,CentroidY,145.605,CenterX,10.4677,CenterY,145.605,Radius,6.45018
242,Square,Area,4102.402499999999,Perimeter,256.2,CentroidX,229.853,CentroidY,418.575,CenterX,229.853,CenterY,418.575,Side Length,64.05,Orientation,5.06265
243,Polygon,Area,33471.16544845,Perimeter,897.6290942031005,CentroidX,209.75358588035786,CentroidY,296.62808745740193,X0,179.402,Y0,184.675,X1,362.365,Y1,303.297,X2,411.846,Y2,344.822,X3,29.4183,Y3,361.9,X4,179.402,Y4,184.675
244,Circle,Area,14092.002886928938,Perimeter,420.81507931129136,CentroidX,497.087,CentroidY,238.079,CenterX,497.087,CenterY,238.079,Radius,66.9748
245,Square,Area,3003.1386408099997,Perimeter,219.2036,CentroidX,431.261,CentroidY,4.26044,CenterX,431.261,CenterY,4.26044,Side Length,54.8009,Orientation,0.608663
246,Polygon,Area,114528.83647156498,Perimeter,1308.9753959431075,CentroidX,205.21642176414537,CentroidY,190.4833005966045,X0,283.123,Y0,1.18222,X1,420.097,Y1,251.862,X2,250.462,Y2,409.758,X3,142.62,Y3,402.103,X4,34.6166,Y4,184.16,X5,21.7409,Y5,5.83102,X6,283.123,Y6,1.18222
247,Polygon,Area,168825.13230756996,Perimeter,1573.3499103276586,CentroidX,264.59019696361054,CentroidY,238.61109313624303,X0,486.917,Y0,35.418,X1,492.632,Y1,380.764,X2,439.424,Y2,403.148,X3,231.242,Y3,457.233,X4,8.21827,Y4,358.923,X5,34.9911,Y5,113.976,X6,80.5508,Y6,86.6853,X7,186.276,Y7,54.118,X8,332.085,Y8,42.4278,X9,486.917,Y9,35.418
248,Polygon,Area,106220.96341275002,Perimeter,1335.9147603741776,CentroidX,258.1911846162322,CentroidY,263.42537464559143,X0,199.257,Y0,25.1431,X1,496.945,Y1,187.971,X2,333.991,Y2,381.909,X3,209.576,Y3,498.323,X4,110.177,Y4,478.969,X5,104.82,Y5,267.491,X6,199.257,Y6,25.1431
249,Square,Area,48.104766777600005,Perimeter,27.74304,CentroidX,92.8995,CentroidY,298.439,CenterX,92.8995,CenterY,298.439,Side Length,6.93576,Orientation,2.56951
250,Circle,Area,6306.653328011609,Perimeter,281.5168610511199,CentroidX,403.592,CentroidY,61.7371,CenterX,403.592,CenterY,61.7371,Radius,44.8048
251,Square,Area,4216.09969225,Perimeter,259.726,CentroidX,395.805,CentroidY,120.929,CenterX,395.805,CenterY,120.929,Side Length,64.9315,Orientation,1.33885
252,Polygon,Area,100651.47228900001,Perimeter,1333.3765289998016,CentroidX,306.784159539238,CentroidY,316.37600566878496,X0,445.817,Y0,59.4024,X1,458.041,Y1,411.19,X2,382.508,Y2,476.026,X3,96.091,Y3,496.91,X4,190.806,Y4,218.488,X5,445.817,Y5,59.4024
253,Ellipse,Area,3148.8448354107095,Perimeter,9041.407712801649,CentroidX,424.242,CentroidY,436.504,CenterX,424.242,CenterY,436.504,R1,25.4021,R2,39.4577,Orientation,3.8876
254,Equilateral Triangle,Area,1694.85672420915,Perimeter,187.6884,CentroidX,435.861,CentroidY,213.047,CenterX,435.861,CenterY,213.047,Side Length,62.5628,Orientation,3.6646
255,Polygon,Area,79612.28172424999,Perimeter,1360.0326650937611,CentroidX,248.35347994838915,CentroidY,163.6989313579804,X0,489.65,Y0,12.5178,X1,375.598,Y1,158.342,X2,131.785,Y2,450.532,X3,120.048,Y3,26.1971,X4,489.65,Y4,12.5178
256,Ellipse,Area,444.68765496736904,Perimeter,1158.6860785375372,CentroidX,146.792,CentroidY,391.376,CenterX,146.792,CenterY,391.376,R1,23.0018,R2,6.1538,Orientation,2.84521
257,Circle,Area,20770.624068498306,Perimeter,510.89270883061005,CentroidX,450.047,CentroidY,354.125,CenterX,450.047,CenterY,354.125,Radius,81.3111
258,Equilateral Triangle,Area,1532.2673585381883,Perimeter,178.4589,CentroidX,95.17,CentroidY,3.78347,CenterX,95.17,CenterY,3.78347,Side Length,59.4863,Orientation,3.35243
259,Polygon,Area,81435.60925175002,Perimeter,1278.528274086087,CentroidX,267.15861381142435,CentroidY,189.24205996628785,X0,32.8245,Y0,51.2101,X1,473.319,Y1,89.4906,X2,320.325,Y2,421.068,X3,101.797,Y3,178.05,X4,32.8245,Y4,51.2101
260,Polygon,Area,96788.970954275,Perimeter,1310.5812651816905,CentroidX,215.77748022817389,CentroidY,242.34698735807694,X0,308.409,Y0,22.1949,X1,413.623,Y1,327.448,X2,13.7271,Y2,448.504,X3,120.038,Y3,97.2015,X4,253.928,Y4,40.8598,X5,308.409,Y5,22.1949
261,Polygon,Area,82481.37825105002,Perimeter,1215.231706566506,CentroidX,299.3663298932772,CentroidY,349.8078637408225,X0,317.785,Y0,205.61,X1,498.783,Y1,223.582,X2,452.969,Y2,437.148,X3,375.896,Y3,464.041,X4,38.7357,Y4,470.362,X5,123.435,Y5,353.764,X6,257.032,Y6,219.037,X7,317.785,Y7,205.61
262,Square,Area,7131.160694440001,Perimeter,337.7848,CentroidX,182.398,CentroidY,102.285,CenterX,182.398,CenterY,102.285,Side Length,84.4462,Orientation,3.60521
263,Polygon,Area,166260.4328774825,Perimeter,1567.0941663018248,CentroidX,268.8202249870348,CentroidY,235.55740071906538,X0,277.583,Y0,33.684,X1,492.538,Y1,74.7634,X2,482.272,Y2,356.672,X3,470.656,Y3,435.576,X4,377.471,Y4,478.083,X5,15.4585,Y5,316.648,X6,7.05511,Y6,115.755,X7,86.4095,Y7,68.9395,X8,277.583,Y8,33.684
264,Ellipse,Area,2272.917761599961,Perimeter,6458.238198441334,CentroidX,369.644,CentroidY,162.832,CenterX,369.644,CenterY,162.832,R1,40.7831,R2,17.74,Orientation,4.95447
265,Polygon,Area,122534.06460518001,Perimeter,1412.1580954544181,CentroidX,225.64072433500783,CentroidY,306.2274741019361,X0,145.957,Y0,36.9504,X1,499.633,Y1,361.302,X2,491.03,Y2,374.105,X3,263.254,Y3,498.869,X4,95.626,Y4,486.869,X5,28.2954,Y5,256.693,X6,145.957,Y6,36.9504
266,Ellipse,Area,74.41439015193932,Perimeter,49.63017981729454,CentroidX,0.107303,CentroidY,31.8463,CenterX,0.107303,CenterY,31.8463,R1,0.773223,R2,30.6339,Orientation,2.81861
267,Ellipse,Area,4589.739954908119,Perimeter,13281.150677391332,CentroidX,258.115,CentroidY,38.9504,CenterX,258.115,CenterY,38.9504,R1,47.0037,R2,31.0818,Orientation,4.67914
268,Equilateral Triangle,Area,952.0732506698848,Perimeter,140.6715,CentroidX,389.986,CentroidY,232.453,CenterX,389.986,CenterY,232.453,Side Length,46.8905,Orientation,1.49212
269,Circle,Area,5955.698538987251,Perimeter,273.57177323019135,CentroidX,14.9151,CentroidY,168.498,CenterX,14.9151,CenterY,168.498,Radius,43.5403
270,Ellipse,Area,219.2414621194186,Perimeter,530.6164625628256,CentroidX,348.93,CentroidY,144.578,CenterX,348.93,CenterY,144.578,R1,4.05202,R2,17.2227,Orientation,2.40894
271,Polygon,Area,185719.0475548,Perimeter,1643.5995731636967,CentroidX,233.1677749005794,CentroidY,265.47609976273196,X0,346.854,Y0,11.5733,X1,436.13,Y1,210.35,X2,499.906,Y2,411.111,X3,401.249,Y3,475.019,X4,169.881,Y4,485.776,X5,5.77454,Y5,443.976,X6,2.29248,Y6,400.069,X7,27.5634,Y7,142.666,X8,67.1746,Y8,36.798,X9,346.854,Y9,11.5733
272,Square,Area,1273.96169476,Perimeter,142.7704,CentroidX,499.807,CentroidY,341.629,CenterX,499.807,CenterY,341.629,Side Length,35.6926,Orientation,5.86079
273,Polygon,Area,109852.36380191,Perimeter,1322.42795801227,CentroidX,222.7890784906778,CentroidY,237.4510100217945,X0,88.3137,Y0,76.6753,X1,438.754,Y1,96.985,X2,428.39,Y2,233.404,X3,186.934,Y3,487.334,X4,10.5914,Y4,234.569,X5,88.3137,Y5,76.6753
274,Ellipse,Area,2672.281755392478,Perimeter,7650.090739298628,CentroidX,114.162,CentroidY,68.9237,CenterX,114.162,CenterY,68.9237,R1,27.9411,R2,30.4431,Orientation,2.7291
275,Ellipse,Area,4419.932253651895,Perimeter,12787.515886090669,CentroidX,294.893,CentroidY,78.4714,CenterX,294.893,CenterY,78.4714,R1,40.3322,R2,34.883,Orientation,0.445284
276,Square,Area,2096.7973646399996,Perimeter,183.1632,CentroidX,224.732,CentroidY,12.74,CenterX,224.732,CenterY,12.74,Side Length,45.7908,Orientation,6.15707
277,Polygon,Area,32636.887511890003,Perimeter,900.9319920455848,CentroidX,213.21763333333328,CentroidY,266.48573333333337,X0,259.754,Y0,86.9022,X1,325.475,Y1,300.832,X2,54.4239,Y2,411.723,X3,259.754,Y3,86.9022
278,Square,Area,5095.261437210001,Perimeter,285.5244,CentroidX,399.066,CentroidY,315.757,CenterX,399.066,CenterY,315.757,Side Length,71.3811,Orientation,2.02315
279,Ellipse,Area,3810.9416912661786,Perimeter,10995.137703924394,CentroidX,253.247,CentroidY,341.241,CenterX,253.247,CenterY,341.241,R1,35.1408,R2,34.52,Orientation,3.47967
280,Ellipse,Area,3278.227393721263,Perimeter,9409.14408409007,CentroidX,276.246,CentroidY,260.52,CenterX,276.246,CenterY,260.52,R1,22.6357,R2,46.0994,Orientation,4.61445
281,Circle,Area,19791.116430648897,Perimeter,498.7008160605588,CentroidX,103.291,CentroidY,365.011,CenterX,103.291,CenterY,365.011,Radius,79.3707
282,Equilateral Triangle,Area,2033.1447655469324,Perimeter,205.56779999999998,CentroidX,374.044,CentroidY,372.706,CenterX,374.044,CenterY,372.706,Side Length,68.5226,Orientation,0.0486533
283,Polygon,Area,55113.53915199999,Perimeter,944.6106814184,CentroidX,330.3438741552723,CentroidY,291.41962917257746,X0,244.108,Y0,151.01,X1,482.111,Y1,227.122,X2,421.444,Y2,438.738,X3,169.59,Y3,341.628,X4,244.108,Y4,151.01
284,Square,Area,323.48900164,Perimeter,71.9432,CentroidX,43.8606,CentroidY,208.093,CenterX,43.8606,CenterY,208.093,Side Length,17.9858,Orientation,5.78387
285,Ellipse,Area,2126.2843374560125,Perimeter,6004.654235997839,CentroidX,199.986,CentroidY,402.781,CenterX,199.986,CenterY,402.781,R1,14.2011,R2,47.6595,Orientation,6.27231
286,Circle,Area,23710.161317114394,Perimeter,545.848581968573,CentroidX,481.188,CentroidY,198.505,CenterX,481.188,CenterY,198.505,Radius,86.8745
287,Equilateral Triangle,Area,347.3619206655834,Perimeter,84.9693,CentroidX,478.624,CentroidY,477.693,CenterX,478.624,CenterY,477.693,Side Length,28.3231,Orientation,2.71026
288,Polygon,Area,69485.09051433299,Perimeter,1257.9494856190188,CentroidX,264.58006,CentroidY,274.1202333333334,X0,293.265,Y0,82.0097,X1,496.95,Y1,332.781,X2,3.52518,Y2,407.57,X3,293.265,Y3,82.0097
289,Ellipse,Area,5064.328542121446,Perimeter,14684.645163111834,CentroidX,397.172,CentroidY,160.917,CenterX,397.172,CenterY,160.917,R1,46.2536,R2,34.8519,Orientation,5.88807
290,Circle,Area,5113.63013104834,Perimeter,253.4951112181604,CentroidX,27.3183,CentroidY,17.7432,CenterX,27.3183,CenterY,17.7432,Radius,40.345
291,Circle,Area,1686.9245334716338,Perimeter,145.59711153061895,CentroidX,309.917,CentroidY,166.521,CenterX,309.917,CenterY,166.521,Radius,23.1725
292,Polygon,Area,128722.95868186996,Perimeter,1432.5484075336642,CentroidX,249.6965814157474,CentroidY,289.093489323122,X0,390.856,Y0,41.2621,X1,425.113,Y1,487.987,X2,119.46,Y2,462.193,X3,77.9363,Y3,433.645,X4,18.1078,Y4,389.93,X5,22.2207,Y5,372.811,X6,75.0104,Y6,236.23,X7,221.499,Y7,77.3781,X8,390.856,Y8,41.2621
293,Circle,Area,17866.379283508413,Perimeter,473.8307119776805,CentroidX,124.908,CentroidY,47.6993,CenterX,124.908,CenterY,47.6993,Radius,75.4125
294,Square,Area,16.1113129321,Perimeter,16.05556,CentroidX,366.745,CentroidY,109.961,CenterX,366.745,CenterY,109.961,Side Length,4.01389,Orientation,1.54526
295,Ellipse,Area,3866.9872124213066,Perimeter,11140.132066034117,CentroidX,427.192,CentroidY,6.44849,CenterX,427.192,CenterY,6.44849,R1,24.8618,R2,49.5097,Orientation,3.77055
296,Circle,Area,18172.494681173885,Perimeter,477.8726850857892,CentroidX,350.964,CentroidY,10.5252,CenterX,350.964,CenterY,10.5252,Radius,76.0558
297,Equilateral Triangle,Area,1415.416055923065,Perimeter,171.5193,CentroidX,321.039,CentroidY,226.349,CenterX,321.039,CenterY,226.349,Side Length,57.1731,Orientation,3.65003
298,Equilateral Triangle,Area,2202.142190086027,Perimeter,213.94079999999997,CentroidX,51.8949,CentroidY,433.383,CenterX,51.8949,CenterY,433.383,Side Length,71.3136,Orientation,3.02443
299,Ellipse,Area,3453.5717487746065,Perimeter,9941.527987224466,CentroidX,111.191,CentroidY,319.196,CenterX,111.191,CenterY,319.196,R1,37.6583,R2,29.1916,Orientation,1.63523
300,Equilateral Triangle,Area,2804.476131266337,Perimeter,241.4331,CentroidX,240.881,CentroidY,418.411,CenterX,240.881,CenterY,418.411,Side Length,80.4777,Orientation,4.04344
301,Circle,Area,17649.976715194138,Perimeter,470.95238478846164,CentroidX,165.555,CentroidY,476.035,CenterX,165.555,CenterY,476.035,Radius,74.9544
302,Circle,Area,1696.7082443935178,Perimeter,146.0187132647307,CentroidX,273.701,CentroidY,111.165,CenterX,273.701,CenterY,111.165,Radius,23.2396
303,Circle,Area,740.5675176355993,Perimeter,96.46888561378178,CentroidX,363.605,CentroidY,26.2837,CenterX,363.605,CenterY,26.2837,Radius,15.3535
304,Circle,Area,9911.094272260314,Perimeter,352.9114390595401,CentroidX,78.4867,CentroidY,79.7296,CenterX,78.4867,CenterY,79.7296,Radius,56.1676
305,Equilateral Triangle,Area,205.06251237862483,Perimeter,65.2851,CentroidX,184.372,CentroidY,123.729,CenterX,184.372,CenterY,123.729,Side Length,21.7617,Orientation,3.51021
306,Circle,Area,14597.564276332601,Perimeter,428.2970963750808,CentroidX,78.3682,CentroidY,32.9151,CenterX,78.3682,CenterY,32.9151,Radius,68.1656
307,Equilateral Triangle,Area,2715.865303056613,Perimeter,237.5883,CentroidX,302.715,CentroidY,374.361,CenterX,302.715,CenterY,374.361,Side Length,79.1961,Orientation,5.31884
308,Polygon,Area,129849.56054522,Perimeter,1441.1049240438042,CentroidX,206.8114780765436,CentroidY,252.2760289401399,X0,23.1176,Y0,24.2774,X1,340.354,Y1,126.082,X2,413.179,Y2,206.025,X3,470.024,Y3,333.332,X4,273.92,Y4,428.335,X5,39.9236,Y5,431.912,X6,20.6446,Y6,197.346,X7,23.1176,Y7,24.2774
309,Polygon,Area,126058.78399947497,Perimeter,1462.8097999976687,CentroidX,275.0961694953864,CentroidY,278.03730495888425,X0,499.273,Y0,40.0037,X1,368.39,Y1,474.243,X2,174.622,Y2,498.641,X3,20.1315,Y3,304.692,X4,305.886,Y4,68.8865,X5,499.273,Y5,40.0037
310,Ellipse,Area,1681.5998420826227,Perimeter,4739.207792784058,CentroidX,247.036,CentroidY,485.031,CenterX,247.036,CenterY,485.031,R1,16.0506,R2,33.3489,Orientation,4.89734
311,Circle,Area,22722.206774042417,Perimeter,534.3553794046801,CentroidX,239.943,CentroidY,29.4662,CenterX,239.943,CenterY,29.4662,Radius,85.0453
312,Ellipse,Area,4529.739168099466,Perimeter,13112.021387120434,CentroidX,18.4319,CentroidY,365.827,CenterX,18.4319,CenterY,365.827,R1,37.5008,R2,38.4488,Orientation,4.65911
313,Equilateral Triangle,Area,1574.5932665771677,Perimeter,180.9069,CentroidX,360.978,CentroidY,205.284,CenterX,360.978,CenterY,205.284,Side Length,60.3023,Orientation,4.32956
314,Ellipse,Area,32.53370931658908,Perimeter,-152.45287833644173,CentroidX,249.242,CentroidY,262.298,CenterX,249.242,CenterY,262.298,R1,45.5763,R2,0.227219,Orientation,0.956062
315,Square,Area,426.19538025,Perimeter,82.578,CentroidX,172.99,CentroidY,183.494,CenterX,172.99,CenterY,183.494,Side Length,20.6445,Orientation,4.9874
316,Polygon,Area,61781.411554440005,Perimeter,1270.188384376369,CentroidX,234.54822065238466,CentroidY,237.2310030916134,X0,414.683,Y0,16.4574,X1,437.556,Y1,126.734,X2,307.359,Y2,261.076,X3,56.9997,Y3,480.967,X4,74.4827,Y4,266.782,X5,414.683,Y5,16.4574
317,Equilateral Triangle,Area,1848.1020654890388,Perimeter,195.99,CentroidX,328.146,CentroidY,301.134,CenterX,328.146,CenterY,301.134,Side Length,65.33,Orientation,1.49274
318,Equilateral Triangle,Area,362.5831725060561,Perimeter,86.811,CentroidX,215.129,CentroidY,141.7,CenterX,215.129,CenterY,141.7,Side Length,28.937,Orientation,0.406187
319,Ellipse,Area,915.6856548015148,Perimeter,2457.778805860398,CentroidX,497.118,CentroidY,145.124,CenterX,497.118,CenterY,145.124,R1,42.5168,R2,6.85545,Orientation,4.3973
320,Ellipse,Area,2275.1467544173265,Perimeter,6482.8360037780885,CentroidX,212.954,CentroidY,18.4201,CenterX,212.954,CenterY,18.4201,R1,32.4267,R2,22.3335,Orientation,0.409712
321,Ellipse,Area,875.1788465003888,Perimeter,2408.8505461699665,CentroidX,46.0477,CentroidY,266.237,CenterX,46.0477,CenterY,266.237,R1,22.4242,R2,12.4231,Orientation,2.90196
322,Ellipse,Area,1527.3638217107864,Perimeter,4260.871967285102,CentroidX,208.368,CentroidY,182.691,CenterX,208.368,CenterY,182.691,R1,11.6975,R2,41.5623,Orientation,1.0809
323,Equilateral Triangle,Area,33.22926588486421,Perimeter,26.28036,CentroidX,281.08,CentroidY,22.124,CenterX,281.08,CenterY,22.124,Side Length,8.76012,Orientation,3.28099
324,Equilateral Triangle,Area,901.4756151288066,Perimeter,136.8825,CentroidX,136.334,CentroidY,483.409,CenterX,136.334,CenterY,483.409,Side Length,45.6275,Orientation,3.94434
325,Circle,Area,3494.548180535413,Perimeter,209.55616804652286,CentroidX,201.028,CentroidY,202.759,CenterX,201.028,CenterY,202.759,Radius,33.3519
326,Circle,Area,2230.225220180894,Perimeter,167.40918932449287,CentroidX,282.149,CentroidY,477.168,CenterX,282.149,CenterY,477.168,Radius,26.644
327,Square,Area,6376.517579609999,Perimeter,319.4124,CentroidX,243.382,CentroidY,190.55,CenterX,243.382,CenterY,190.55,Side Length,79.8531,Orientation,4.67801
328,Circle,Area,101.14058795463018,Perimeter,35.65066776923083,CentroidX,76.118,CentroidY,203.372,CenterX,76.118,CenterY,203.372,Radius,5.67398
329,Circle,Area,30312.16377674461,Perimeter,617.1822130795135,CentroidX,119.243,CentroidY,419.58,CenterX,119.243,CenterY,419.58,Radius,98.2276
330,Ellipse,Area,2539.855980103609,Perimeter,7258.17263105453,CentroidX,432.491,CentroidY,483.537,CenterX,432.491,CenterY,483.537,R1,33.8485,R2,23.8847,Orientation,6.26559
331,Ellipse,Area,1332.4156862822488,Perimeter,3685.889938093624,CentroidX,455.022,CentroidY,384.156,CenterX,455.022,CenterY,384.156,R1,10.1151,R2,41.9295,Orientation,4.54383
332,Equilateral Triangle,Area,1039.9393446291108,Perimeter,147.0195,CentroidX,360.882,CentroidY,350.353,CenterX,360.882,CenterY,350.353,Side Length,49.0065,Orientation,3.3141
333,Polygon,Area,63578.00559,Perimeter,1037.4636894003775,CentroidX,186.85154265664343,CentroidY,237.27172674096852,X0,256.562,Y0,18.5008,X1,323.013,Y1,266.373,X2,161.588,Y2,425.111,X3,26.0469,Y3,312.594,X4,141.272,Y4,118.753,X5,256.562,Y5,18.5008
334,Ellipse,Area,698.7782326734617,Perimeter,1894.1173178375514,CentroidX,271.712,CentroidY,314.162,CenterX,271.712,CenterY,314.162,R1,23.4442,R2,9.48755,Orientation,2.17375
335,Equilateral Triangle,Area,1881.7933374915656,Perimeter,197.76839999999999,CentroidX,443.419,CentroidY,99.0519,CenterX,443.419,CenterY,99.0519,Side Length,65.9228,Orientation,3.59523
336,Square,Area,2214.3894832899996,Perimeter,188.2292,CentroidX,50.0798,CentroidY,202.668,CenterX,50.0798,CenterY,202.668,Side Length,47.0573,Orientation,4.87283
337,Circle,Area,27757.813339603195,Perimeter,590.6055958672054,CentroidX,125.912,CentroidY,374.163,CenterX,125.912,CenterY,374.163,Radius,93.9978
338,Circle,Area,20356.232080924798,Perimeter,505.7706561681973,CentroidX,114.107,CentroidY,115.501,CenterX,114.107,CenterY,115.501,Radius,80.4959
339,Circle,Area,2584.777973138233,Perimeter,180.22563071407782,CentroidX,410.98,CentroidY,55.3826,CenterX,410.98,CenterY,55.3826,Radius,28.6838
340,Polygon,Area,188649.601488381,Perimeter,1685.890898981592,CentroidX,236.8254979697676,CentroidY,263.46428879940515,X0,467.122,Y0,37.9089,X1,481.641,Y1,312.114,X2,452.097,Y2,404.115,X3,246.132,Y3,485.706,X4,21.8267,Y4,499.643,X5,1.61396,Y5,281.259,X6,27.4747,Y6,75.0022,X7,467.122,Y7,37.9089
341,Ellipse,Area,1294.7812119226207,Perimeter,3608.797009771107,CentroidX,382.552,CentroidY,164.346,CenterX,382.552,CenterY,164.346,R1,12.8748,R2,32.0115,Orientation,1.80239
342,Ellipse,Area,1121.2486054986207,Perimeter,3104.7602216618507,CentroidX,444.608,CentroidY,2.33868,CenterX,444.608,CenterY,2.33868,R1,11.64,R2,30.6619,Orientation,4.7292
343,Circle,Area,537.0729355898515,Perimeter,82.15264789137308,CentroidX,191.109,CentroidY,455.713,CenterX,191.109,CenterY,455.713,Radius,13.075
344,Polygon,Area,156317.02566600248,Perimeter,1579.4585115417626,CentroidX,259.1959532102975,CentroidY,227.70002421802155,X0,497.074,Y0,46.8935,X1,438.926,Y1,447.468,X2,0.235671,Y2,353.248,X3,44.8554,Y3,94.703,X4,132.007,Y4,48.6893,X5,497.074,Y5,46.8935
345,Equilateral Triangle,Area,428.3511445307278,Perimeter,94.3563,CentroidX,268.251,CentroidY,498.157,CenterX,268.251,CenterY,498.157,Side Length,31.4521,Orientation,4.16309
346,Equilateral Triangle,Area,2618.1612120562277,Perimeter,233.2755,CentroidX,142.627,CentroidY,276.936,CenterX,142.627,CenterY,276.936,Side Length,77.7585,Orientation,1.98345
347,Equilateral Triangle,Area,1163.3937688342714,Perimeter,155.5014,CentroidX,58.9117,CentroidY,248.169,CenterX,58.9117,CenterY,248.169,Side Length,51.8338,Orientation,3.54703
348,Circle,Area,10205.029037283532,Perimeter,358.1063766715162,CentroidX,181.982,CentroidY,404.552,CenterX,181.982,CenterY,404.552,Radius,56.9944
349,Ellipse,Area,423.4182389144511,Perimeter,1096.230949937116,CentroidX,138.115,CentroidY,297.609,CenterX,138.115,CenterY,297.609,R1,5.80043,R2,23.2359,Orientation,3.91792
350,Circle,Area,9832.023991246586,Perimeter,351.5008639580783,CentroidX,274.513,CentroidY,370.813,CenterX,274.513,CenterY,370.813,Radius,55.9431
351,Circle,Area,23.717188790174745,Perimeter,17.263805613712773,CentroidX,303.572,CentroidY,132.629,CenterX,303.572,CenterY,132.629,Radius,2.74762
352,Circle,Area,4543.601555544926,Perimeter,238.94890891350894,CentroidX,247.548,CentroidY,57.1366,CenterX,247.548,CenterY,57.1366,Radius,38.0299
353,Equilateral Triangle,Area,265.5046151016056,Perimeter,74.286,CentroidX,199.584,CentroidY,362.106,CenterX,199.584,CenterY,362.106,Side Length,24.762,Orientation,2.41362
354,Ellipse,Area,2847.620566477266,Perimeter,8136.686337566291,CentroidX,40.1507,CentroidY,64.6184,CenterX,40.1507,CenterY,64.6184,R1,19.4479,R2,46.6079,Orientation,0.948334
355,Square,Area,64.82343168999999,Perimeter,32.2052,CentroidX,312.045,CentroidY,432.814,CenterX,312.045,CenterY,432.814,Side Length,8.0513,Orientation,0.0534897
356,Ellipse,Area,4.5256008190340555,Perimeter,-194.51016736447517,CentroidX,332.117,CentroidY,234.698,CenterX,332.117,CenterY,234.698,R1,38.1786,R2,0.0377317,Orientation,3.13036
357,Polygon,Area,78992.598017195,Perimeter,1190.1633170436485,CentroidX,223.224247885827,CentroidY,189.8760694154832,X0,266.432,Y0,40.1585,X1,455.454,Y1,340.751,X2,162.782,Y2,316.818,X3,6.36635,Y3,102.377,X4,108.124,Y4,43.2974,X5,266.432,Y5,40.1585
358,Circle,Area,23952.698499875427,Perimeter,548.633289696715,CentroidX,70.919,CentroidY,440.559,CenterX,70.919,CenterY,440.559,Radius,87.3177
359,Equilateral Triangle,Area,1438.0242963562443,Perimeter,172.88369999999998,CentroidX,41.6123,CentroidY,286.751,CenterX,41.6123,CenterY,286.751,Side Length,57.6279,Orientation,5.01436
360,Equilateral Triangle,Area,763.1689240241498,Perimeter,125.9451,CentroidX,335.82,CentroidY,401.392,CenterX,335.82,CenterY,401.392,Side Length,41.9817,Orientation,1.25451
361,Circle,Area,4384.728258185885,Perimeter,234.73414820945285,CentroidX,15.1339,CentroidY,168.077,CenterX,15.1339,CenterY,168.077,Radius,37.3591
362,Equilateral Triangle,Area,136.0159419908538,Perimeter,53.1699,CentroidX,296.489,CentroidY,373.648,CenterX,296.489,CenterY,373.648,Side Length,17.7233,Orientation,3.11163
363,Circle,Area,18263.97878714722,Perimeter,479.0740301165219,CentroidX,274.165,CentroidY,244.325,CenterX,274.165,CenterY,244.325,Radius,76.247
364,Ellipse,Area,1331.8783390070805,Perimeter,3720.9550668200245,CentroidX,289.758,CentroidY,87.2975,CenterX,289.758,CenterY,87.2975,R1,30.7375,R2,13.7926,Orientation,5.4782
365,Circle,Area,9652.46116244083,Perimeter,348.2763332584338,CentroidX,275.603,CentroidY,352.218,CenterX,275.603,CenterY,352.218,Radius,55.4299
366,Circle,Area,1114.0530308105083,Perimeter,118.31991915656022,CentroidX,165.068,CentroidY,172.86,CenterX,165.068,CenterY,172.86,Radius,18.8312
367,Square,Area,7516.42182729,Perimeter,346.7892,CentroidX,124.574,CentroidY,438.289,CenterX,124.574,CenterY,438.289,Side Length,86.6973,Orientation,4.53109
368,Circle,Area,14438.54471499616,Perimeter,425.95786648521783,CentroidX,3.41649,CentroidY,73.1877,CenterX,3.41649,CenterY,73.1877,Radius,67.7933
369,Polygon,Area,145980.59225918792,Perimeter,1456.2197871071364,CentroidX,215.01608484064786,CentroidY,193.27328062146373,X0,330.982,Y0,0.0267026,X1,440.348,Y1,15.0329,X2,375.347,Y2,359.272,X3,172.662,Y3,430.536,X4,7.4011,Y4,293.783,X5,4.75864,Y5,91.5673,X6,51.9333,Y6,22.0616,X7,330.982,Y7,0.0267026
370,Ellipse,Area,20.66568326672028,Perimeter,7.573502708876849,CentroidX,488.443,CentroidY,199.849,CenterX,488.443,CenterY,199.849,R1,0.746979,R2,8.80626,Orientation,4.62414
371,Equilateral Triangle,Area,2887.7655610002066,Perimeter,244.99200000000002,CentroidX,489.147,CentroidY,279.98,CenterX,489.147,CenterY,279.98,Side Length,81.664,Orientation,4.80946
372,Ellipse,Area,174.82190148209648,Perimeter,430.54735078838013,CentroidX,244.506,CentroidY,457.973,CenterX,244.506,CenterY,457.973,R1,8.00752,R2,6.94941,Orientation,3.39645
373,Ellipse,Area,4699.218412325175,Perimeter,13609.682834611509,CentroidX,288.149,CentroidY,308.367,CenterX,288.149,CenterY,308.367,R1,34.8691,R2,42.8978,Orientation,2.53012
374,Equilateral Triangle,Area,3386.9815862513115,Perimeter,265.3245,CentroidX,384.623,CentroidY,235.674,CenterX,384.623,CenterY,235.674,Side Length,88.4415,Orientation,1.19166
375,Ellipse,Area,3556.3614173968,Perimeter,10239.385631639396,CentroidX,367.223,CentroidY,338.853,CenterX,367.223,CenterY,338.853,R1,27.33,R2,41.4206,Orientation,1.60645
376,Polygon,Area,160317.47046460997,Perimeter,1575.8788122048472,CentroidX,219.3071544216316,CentroidY,246.17361850111294,X0,71.8829,Y0,36.5363,X1,481.92,Y1,74.581,X2,341.099,Y2,468.152,X3,55.3113,Y3,468.366,X4,3.56628,Y4,208.214,X5,45.3828,Y5,47.002,X6,71.8829,Y6,36.5363
377,Circle,Area,7483.078249836954,Perimeter,306.65148723543047,CentroidX,42.0246,CentroidY,113.649,CenterX,42.0246,CenterY,113.649,Radius,48.8051
378,Ellipse,Area,215.8090570405228,Perimeter,405.1737346710049,CentroidX,192.244,CentroidY,254.164,CenterX,192.244,CenterY,254.164,R1,1.64192,R2,41.8377,Orientation,4.33386
379,Equilateral Triangle,Area,4077.451325807402,Perimeter,291.1155,CentroidX,220.989,CentroidY,426.055,CenterX,220.989,CenterY,426.055,Side Length,97.0385,Orientation,4.63107
380,Circle,Area,10010.758725382835,Perimeter,354.6814123605726,CentroidX,334.107,CentroidY,320.121,CenterX,334.107,CenterY,320.121,Radius,56.4493
381,Ellipse,Area,1484.7638187621803,Perimeter,4180.930747933248,CentroidX,175.787,CentroidY,85.217,CenterX,175.787,CenterY,85.217,R1,22.6474,R2,20.8684,Orientation,2.94038
382,Polygon,Area,129456.389198325,Perimeter,1355.4231571875353,CentroidX,274.92228015793813,CentroidY,237.38718881795114,X0,205.664,Y0,13.1758,X1,439.494,Y1,66.558,X2,438.627,Y2,395.338,X3,329.048,Y3,484.243,X4,132.048,Y4,373.527,X5,73.6925,Y5,269.601,X6,125.363,Y6,81.4527,X7,205.664,Y7,13.1758
383,Circle,Area,22.28685321543511,Perimeter,16.735138401966683,CentroidX,370.276,CentroidY,5.03153,CenterX,370.276,CenterY,5.03153,Radius,2.66348
384,Circle,Area,2495.131814854842,Perimeter,177.07272832693508,CentroidX,381.779,CentroidY,11.2414,CenterX,381.779,CenterY,11.2414,Radius,28.182
385,Ellipse,Area,147.99428628584923,Perimeter,356.9515647114841,CentroidX,368.62,CentroidY,44.6712,CenterX,368.62,CenterY,44.6712,R1,8.01573,R2,5.87695,Orientation,4.76928
386,Circle,Area,3675.5639514270865,Perimeter,214.9150967950163,CentroidX,34.3846,CentroidY,264.105,CenterX,34.3846,CenterY,264.105,Radius,34.2048
387,Polygon,Area,138398.75826315,Perimeter,1422.2696327921021,CentroidX,265.30446347247545,CentroidY,283.22424290688423,X0,165.498,Y0,29.7024,X1,407.363,Y1,147.663,X2,483.834,Y2,185.421,X3,469.955,Y3,353.408,X4,368.616,Y4,480.814,X5,208.211,Y5,492.075,X6,140.276,Y6,445.381,X7,35.6375,Y7,370.293,X8,165.498,Y8,29.7024
388,Equilateral Triangle,Area,1755.6965511296485,Perimeter,191.0274,CentroidX,318.083,CentroidY,252.896,CenterX,318.083,CenterY,252.896,Side Length,63.6758,Orientation,0.784533
389,Circle,Area,107.07032650541514,Perimeter,36.680858832195995,CentroidX,227.459,CentroidY,126.444,CenterX,227.459,CenterY,126.444,Radius,5.83794
390,Ellipse,Area,43.032972466305814,Perimeter,74.23394761737838,CentroidX,300.863,CentroidY,215.352,CenterX,300.863,CenterY,215.352,R1,1.89181,R2,7.24059,Orientation,2.79968
391,Circle,Area,24050.674664844402,Perimeter,549.7542099555158,CentroidX,369.129,CentroidY,152.861,CenterX,369.129,CenterY,152.861,Radius,87.4961
392,Square,Area,19.146050384399995,Perimeter,17.50248,CentroidX,24.8854,CentroidY,307.495,CenterX,24.8854,CenterY,307.495,Side Length,4.37562,Orientation,2.86861
393,Equilateral Triangle,Area,51.20580891734209,Perimeter,32.6235,CentroidX,431.572,CentroidY,175.571,CenterX,431.572,CenterY,175.571,Side Length,10.8745,Orientation,1.50539
394,Circle,Area,730.6166415004762,Perimeter,95.81857593448869,CentroidX,341.876,CentroidY,178.181,CenterX,341.876,CenterY,178.181,Radius,15.25
395,Equilateral Triangle,Area,125.14655988887912,Perimeter,51.0012,CentroidX,271.497,CentroidY,280.91,CenterX,271.497,CenterY,280.91,Side Length,17.0004,Orientation,0.440127
396,Ellipse,Area,1959.4819729848587,Perimeter,5542.797492300933,CentroidX,91.6657,CentroidY,195.829,CenterX,91.6657,CenterY,195.829,R1,16.3276,R2,38.2005,Orientation,0.765873
397,Circle,Area,22009.182008393283,Perimeter,525.9044951665235,CentroidX,23.6028,CentroidY,58.9492,CenterX,23.6028,CenterY,58.9492,Radius,83.7003
398,Circle,Area,3871.7528016971737,Perimeter,220.57624675678514,CentroidX,484.089,CentroidY,340.73,CenterX,484.089,CenterY,340.73,Radius,35.1058
399,Equilateral Triangle,Area,0.6600247429690593,Perimeter,3.70383,CentroidX,411.198,CentroidY,271.815,CenterX,411.198,CenterY,271.815,Side Length,1.23461,Orientation,4.73598
400,Polygon,Area,77654.21347309998,Perimeter,1248.780181406482,CentroidX,260.8744362610027,CentroidY,220.364272070105,X0,436.307,Y0,18.4495,X1,442.076,Y1,77.8678,X2,339.071,Y2,349.245,X3,298.001,Y3,417.503,X4,10.1956,Y4,230.786,X5,436.307,Y5,18.4495
401,Polygon,Area,118588.70992729999,Perimeter,1390.1386716799207,CentroidX,264.1428131214021,CentroidY,265.03728028257245,X0,331.913,Y0,15.8979,X1,344.354,Y1,30.1229,X2,387.272,Y2,89.2005,X3,433.195,Y3,244.99,X4,440.821,Y4,460.338,X5,288.441,Y5,440.37,X6,14.6396,Y6,358.655,X7,105.744,Y7,176.997,X8,331.913,Y8,15.8979
402,Ellipse,Area,306.42344802222766,Perimeter,740.0320094681457,CentroidX,14.2279,CentroidY,289.3,CenterX,14.2279,CenterY,289.3,R1,3.56831,R2,27.3344,Orientation,0.267241
403,Circle,Area,29910.912552030044,Perimeter,613.0836913036403,CentroidX,34.5528,CentroidY,79.6842,CenterX,34.5528,CenterY,79.6842,Radius,97.5753
404,Equilateral Triangle,Area,4104.682871848884,Perimeter,292.086,CentroidX,291.172,CentroidY,117.544,CenterX,291.172,CenterY,117.544,Side Length,97.362,Orientation,6.2332
405,Square,Area,9865.95225625,Perimeter,397.31,CentroidX,496.136,CentroidY,282.922,CenterX,496.136,CenterY,282.922,Side Length,99.3275,Orientation,0.161482
406,Circle,Area,9624.619161973136,Perimeter,347.77367843385935,CentroidX,265.738,CentroidY,209.685,CenterX,265.738,CenterY,209.685,Radius,55.3499
407,Equilateral Triangle,Area,38.78041652851682,Perimeter,28.39077,CentroidX,263.072,CentroidY,227.713,CenterX,263.072,CenterY,227.713,Side Length,9.46359,Orientation,3.13687
408,Polygon,Area,92640.58396676001,Perimeter,1166.64142923553,CentroidX,230.57201338632038,CentroidY,265.0707836514698,X0,246.777,Y0,84.8791,X1,440.484,Y1,199.508,X2,299.746,Y2,446.453,X3,167.865,Y3,425.1,X4,134.253,Y4,418.941,X5,67.6462,Y5,311.37,X6,29.9932,Y6,199.97,X7,246.777,Y7,84.8791
409,Ellipse,Area,397.9499042730345,Perimeter,1005.7251313055551,CentroidX,206.856,CentroidY,228.561,CenterX,206.856,CenterY,228.561,R1,4.62016,R2,27.4171,Orientation,4.60337
410,Polygon,Area,99027.197147444,Perimeter,1399.7918921139149,CentroidX,234.64684037298932,CentroidY,250.54278515536762,X0,242.369,Y0,21.0143,X1,457.913,Y1,490.199,X2,367.379,Y2,494.746,X3,225.746,Y3,412.353,X4,2.76204,Y4,124.643,X5,141.635,Y5,40.5577,X6,242.369,Y6,21.0143
411,Circle,Area,6693.267667030107,Perimeter,290.0173824532032,CentroidX,370.05,CentroidY,49.2004,CenterX,370.05,CenterY,49.2004,Radius,46.1577
412,Polygon,Area,48912.91914772001,Perimeter,1059.4480085681457,CentroidX,195.37091713336753,CentroidY,225.57589329914387,X0,157.236,Y0,37.0457,X1,258.668,Y1,167.795,X2,364.076,Y2,431.888,X3,35.0752,Y3,213.927,X4,157.236,Y4,37.0457
413,Square,Area,6546.897386409999,Perimeter,323.6516,CentroidX,282.194,CentroidY,435.325,CenterX,282.194,CenterY,435.325,Side Length,80.9129,Orientation,2.34059
414,Circle,Area,1465.904333145909,Perimeter,135.72434245744768,CentroidX,78.9188,CentroidY,414.485,CenterX,78.9188,CenterY,414.485,Radius,21.6012
415,Ellipse,Area,392.4047693821223,Perimeter,1025.8941065447827,CentroidX,344.62,CentroidY,72.1894,CenterX,344.62,CenterY,72.1894,R1,7.14036,R2,17.493,Orientation,6.26181
416,Ellipse,Area,7051.89409515835,Perimeter,20559.860853134993,CentroidX,309.056,CentroidY,452.057,CenterX,309.056,CenterY,452.057,R1,45.2979,R2,49.5539,Orientation,5.52255
417,Polygon,Area,44725.90801799997,Perimeter,975.3709293921416,CentroidX,298.4313333333332,CentroidY,342.2226666666668,X0,319.06,Y0,179.485,X1,468.46,Y1,446.311,X2,107.774,Y2,400.872,X3,319.06,Y3,179.485
418,Circle,Area,17664.4379143268,Perimeter,471.145278577392,CentroidX,39.7498,CentroidY,444.7,CenterX,39.7498,CenterY,444.7,Radius,74.9851
419,Equilateral Triangle,Area,6.7703871924863686,Perimeter,11.86254,CentroidX,404.651,CentroidY,148.665,CenterX,404.651,CenterY,148.665,Side Length,3.95418,Orientation,2.69451
420,Ellipse,Area,2286.169349511889,Perimeter,6510.902640506497,CentroidX,16.1,CentroidY,368.381,CenterX,16.1,CenterY,368.381,R1,20.8198,R2,34.9528,Orientation,0.647052
421,Circle,Area,14672.097208012587,Perimeter,429.3891139814686,CentroidX,141.681,CentroidY,449.922,CenterX,141.681,CenterY,449.922,Radius,68.3394
422,Ellipse,Area,1086.7280081909537,Perimeter,3002.9078248099204,CentroidX,453.18,CentroidY,375.956,CenterX,453.18,CenterY,375.956,R1,30.9434,R2,11.179,Orientation,4.94395
423,Circle,Area,10006.254778153336,Perimeter,354.60161590717144,CentroidX,104.829,CentroidY,129.312,CenterX,104.829,CenterY,129.312,Radius,56.4366
424,Circle,Area,18862.568979378906,Perimeter,486.8614099862403,CentroidX,401.956,CentroidY,3.09269,CenterX,401.956,CenterY,3.09269,Radius,77.4864
425,Polygon,Area,115479.09192714999,Perimeter,1359.6794048646564,CentroidX,238.17013112989736,CentroidY,260.98339339471465,X0,159.608,Y0,21.3466,X1,278.923,Y1,52.9682,X2,480.186,Y2,398.893,X3,148.608,Y3,465.536,X4,43.4995,Y4,210.083,X5,159.608,Y5,21.3466
426,Ellipse,Area,151.9729989004136,Perimeter,366.2313975356479,CentroidX,281.517,CentroidY,333.463,CenterX,281.517,CenterY,333.463,R1,5.34782,R2,9.04565,Orientation,1.3174
427,Polygon,Area,103117.69548550002,Perimeter,1259.8709924010197,CentroidX,312.31168325871204,CentroidY,241.26524947469596,X0,192.252,Y0,27.1953,X1,496.459,Y1,143.219,X2,430.538,Y2,420.761,X3,394.907,Y3,467.986,X4,275.038,Y4,423.529,X5,124.429,Y5,246.705,X6,192.252,Y6,27.1953
428,Ellipse,Area,2501.5440550603557,Perimeter,7143.007576802675,CentroidX,65.1816,CentroidY,168.475,CenterX,65.1816,CenterY,168.475,R1,35.4787,R2,22.4435,Orientation,4.9804
429,Ellipse,Area,1384.9359317274286,Perimeter,3887.812553342457,CentroidX,299.823,CentroidY,219.084,CenterX,299.823,CenterY,219.084,R1,17.5724,R2,25.087,Orientation,0.358672
430,Equilateral Triangle,Area,426.5987927366946,Perimeter,94.1631,CentroidX,207.68,CentroidY,176.277,CenterX,207.68,CenterY,176.277,Side Length,31.3877,Orientation,1.77687
431,Square,Area,7974.382840360001,Perimeter,357.1976,CentroidX,339.955,CentroidY,271.506,CenterX,339.955,CenterY,271.506,Side Length,89.2994,Orientation,1.60787
432,Square,Area,1606.2380684099999,Perimeter,160.3116,CentroidX,158.68,CentroidY,211.847,CenterX,158.68,CenterY,211.847,Side Length,40.0779,Orientation,3.35642
433,Ellipse,Area,1483.5948363769296,Perimeter,4167.9507276034,CentroidX,251.753,CentroidY,98.0809,CenterX,251.753,CenterY,98.0809,R1,29.5257,R2,15.9943,Orientation,0.0390677
434,Circle,Area,14365.075490366116,Perimeter,424.8727603826679,CentroidX,347.823,CentroidY,318.296,CenterX,347.823,CenterY,318.296,Radius,67.6206
435,Square,Area,2.4744548416,Perimeter,6.29216,CentroidX,115.579,CentroidY,175.557,CenterX,115.579,CenterY,175.557,Side Length,1.57304,Orientation,0.158268
436,Square,Area,336.70048036,Perimeter,73.3976,CentroidX,442.802,CentroidY,356.759,CenterX,442.802,CenterY,356.759,Side Length,18.3494,Orientation,4.4312
437,Equilateral Triangle,Area,2876.0233428844763,Perimeter,244.4934,CentroidX,170.569,CentroidY,305.318,CenterX,170.569,CenterY,305.318,Side Length,81.4978,Orientation,2.99587
438,Equilateral Triangle,Area,614.4477511380269,Perimeter,113.00909999999999,CentroidX,44.5631,CentroidY,438.663,CenterX,44.5631,CenterY,438.663,Side Length,37.6697,Orientation,0.490881
439,Ellipse,Area,1759.275773535546,Perimeter,4964.282633442736,CentroidX,128.785,CentroidY,174.27,CenterX,128.785,CenterY,174.27,R1,34.4988,R2,16.2323,Orientation,5.5075
440,Ellipse,Area,615.4016395924785,Perimeter,1588.550246276963,CentroidX,116.984,CentroidY,275.313,CenterX,116.984,CenterY,275.313,R1,39.5552,R2,4.95228,Orientation,4.29512
441,Ellipse,Area,1964.5332360143445,Perimeter,5522.399967413441,CentroidX,90.1831,CentroidY,369.326,CenterX,90.1831,CenterY,369.326,R1,49.0586,R2,12.7466,Orientation,3.6349
442,Ellipse,Area,2501.6683744475868,Perimeter,7144.796914127732,CentroidX,441.048,CentroidY,467.125,CenterX,441.048,CenterY,467.125,R1,22.9982,R2,34.6247,Orientation,5.49023
443,Equilateral Triangle,Area,72.73287337588124,Perimeter,38.8809,CentroidX,360.831,CentroidY,219.732,CenterX,360.831,CenterY,219.732,Side Length,12.9603,Orientation,3.04267
444,Square,Area,9625.473990249999,Perimeter,392.438,CentroidX,452.811,CentroidY,494.079,CenterX,452.811,CenterY,494.079,Side Length,98.1095,Orientation,5.72335
445,Equilateral Triangle,Area,1055.7872717684584,Perimeter,148.1355,CentroidX,102.299,CentroidY,254.398,CenterX,102.299,CenterY,254.398,Side Length,49.3785,Orientation,5.31872
446,Equilateral Triangle,Area,1663.373451956565,Perimeter,185.937,CentroidX,481.466,CentroidY,15.1699,CenterX,481.466,CenterY,15.1699,Side Length,61.979,Orientation,0.772787
447,Polygon,Area,122865.54903949,Perimeter,1357.2240298936538,CentroidX,306.4845559263671,CentroidY,251.68300534017905,X0,244.932,Y0,44.1574,X1,455.401,Y1,56.1812,X2,472.617,Y2,389.236,X3,419.556,Y3,478.891,X4,228.631,Y4,422.954,X5,66.8157,Y5,264.165,X6,244.932,Y6,44.1574
448,Equilateral Triangle,Area,316.274502229471,Perimeter,81.078,CentroidX,306.617,CentroidY,466.624,CenterX,306.617,CenterY,466.624,Side Length,27.026,Orientation,5.99977
449,Circle,Area,3028.076023637757,Perimeter,195.06902768375886,CentroidX,389.273,CentroidY,247.287,CenterX,389.273,CenterY,247.287,Radius,31.0462
450,Polygon,Area,199878.79695524648,Perimeter,1745.5592766383406,CentroidX,251.81828297513894,CentroidY,246.0149033442938,X0,19.8055,Y0,2.65929,X1,425.799,Y1,23.6246,X2,458.586,Y2,120.353,X3,486.849,Y3,467.105,X4,443.382,Y4,495.638,X5,73.1174,Y5,462.747,X6,24.4907,Y6,235.12,X7,19.8055,Y7,2.65929
451,Ellipse,Area,2734.026643889758,Perimeter,7827.0627937112085,CentroidX,171.832,CentroidY,385.976,CenterX,171.832,CenterY,385.976,R1,35.1629,R2,24.7496,Orientation,1.89884
452,Ellipse,Area,1329.0835155076738,Perimeter,3713.6542456942834,CentroidX,479.992,CentroidY,309.716,CenterX,479.992,CenterY,309.716,R1,13.9155,R2,30.4021,Orientation,2.34825
453,Ellipse,Area,542.207786214806,Perimeter,1373.1439517816934,CentroidX,313.225,CentroidY,361.312,CenterX,313.225,CenterY,361.312,R1,4.34773,R2,39.6966,Orientation,4.16212
454,Circle,Area,19498.02603698097,Perimeter,494.99436504785353,CentroidX,77.8825,CentroidY,320.875,CenterX,77.8825,CenterY,320.875,Radius,78.7808
455,Equilateral Triangle,Area,1262.5528043195343,Perimeter,161.9928,CentroidX,342.262,CentroidY,275.329,CenterX,342.262,CenterY,275.329,Side Length,53.9976,Orientation,0.0922052
456,Circle,Area,6487.739721214985,Perimeter,285.5299315068155,CentroidX,299.929,CentroidY,136.869,CenterX,299.929,CenterY,136.869,Radius,45.4435
457,Ellipse,Area,6323.225411942908,Perimeter,18405.077710000707,CentroidX,422.599,CentroidY,25.4345,CenterX,422.599,CenterY,25.4345,R1,47.7557,R2,42.1467,Orientation,0.92782
458,Ellipse,Area,4551.476215424491,Perimeter,13164.300973663725,CentroidX,9.44166,CentroidY,291.296,CenterX,9.44166,CenterY,291.296,R1,49.141,R2,29.4821,Orientation,2.42626
459,Circle,Area,17772.49493138137,Perimeter,472.58412801273613,CentroidX,192.212,CentroidY,145.582,CenterX,192.212,CenterY,145.582,Radius,75.2141
460,Ellipse,Area,260.9566488677596,Perimeter,644.0816081731072,CentroidX,391.477,CentroidY,436.239,CenterX,391.477,CenterY,436.239,R1,4.41366,R2,18.82,Orientation,1.19653
461,Ellipse,Area,2277.828249359985,Perimeter,6484.485393215307,CentroidX,175.937,CentroidY,279.812,CenterX,175.937,CenterY,279.812,R1,20.1954,R2,35.902,Orientation,3.97791
462,Ellipse,Area,4866.990652641848,Perimeter,14098.269883131828,CentroidX,493.625,CentroidY,317.421,CenterX,493.625,CenterY,317.421,R1,48.4695,R2,31.9626,Orientation,1.40042
463,Ellipse,Area,3778.5095556395795,Perimeter,10891.335130125173,CentroidX,398.35,CentroidY,453.778,CenterX,398.35,CenterY,453.778,R1,43.4609,R2,27.674,Orientation,6.03824
464,Circle,Area,2923.8848529593492,Perimeter,191.68364744025052,CentroidX,462.553,CentroidY,316.47,CenterX,462.553,CenterY,316.47,Radius,30.5074
465,Square,Area,2636.19606721,Perimeter,205.3756,CentroidX,44.4123,CentroidY,426.606,CenterX,44.4123,CenterY,426.606,Side Length,51.3439,Orientation,3.04899
466,Equilateral Triangle,Area,423.8225499287544,Perimeter,93.8562,CentroidX,441.112,CentroidY,173.626,CenterX,441.112,CenterY,173.626,Side Length,31.2854,Orientation,0.370373
467,Polygon,Area,181812.81853480003,Perimeter,1647.3429704478046,CentroidX,259.2446479012807,CentroidY,233.6550296264941,X0,77.4317,Y0,11.6003,X1,481.497,Y1,43.7188,X2,468.748,Y2,411.421,X3,447.151,Y3,478.69,X4,289.794,Y4,458.542,X5,73.3509,Y5,391.624,X6,38.792,Y6,377.266,X7,13.2848,Y7,155.063,X8,77.4317,Y8,11.6003
468,Equilateral Triangle,Area,3587.275698610197,Perimeter,273.057,CentroidX,136.773,CentroidY,21.3117,CenterX,136.773,CenterY,21.3117,Side Length,91.019,Orientation,5.34865
469,Circle,Area,15.049234567707053,Perimeter,13.751882018117819,CentroidX,83.7211,CentroidY,297.157,CenterX,83.7211,CenterY,297.157,Radius,2.18868
470,Polygon,Area,140057.48435659957,Perimeter,1524.263367810021,CentroidX,189.84913833034977,CentroidY,211.8013894425479,X0,273.395,Y0,4.00787,X1,469.188,Y1,108.724,X2,207.527,Y2,432.249,X3,26.7926,Y3,477.259,X4,8.94593,Y4,45.4231,X5,273.395,Y5,4.00787
471,Square,Area,71.24744227240001,Perimeter,33.76328,CentroidX,435.882,CentroidY,88.4726,CenterX,435.882,CenterY,88.4726,Side Length,8.44082,Orientation,2.09953
472,Square,Area,8728.32405025,Perimeter,373.702,CentroidX,204.502,CentroidY,230.593,CenterX,204.502,CenterY,230.593,Side Length,93.4255,Orientation,6.19406
473,Polygon,Area,156822.34332931397,Perimeter,1537.7461475349048,CentroidX,251.75641152747286,CentroidY,269.36975337916346,X0,130.161,Y0,3.95826,X1,391.154,Y1,82.1785,X2,471.537,Y2,376.079,X3,454.809,Y3,485.373,X4,75.3168,Y4,456.236,X5,42.237,Y5,334.329,X6,83.2218,Y6,125.623,X7,130.161,Y7,3.95826
474,Ellipse,Area,3948.3754239236087,Perimeter,11393.067889935941,CentroidX,73.1318,CentroidY,79.7392,CenterX,73.1318,CenterY,79.7392,R1,29.0941,R2,43.198,Orientation,2.10919
475,Ellipse,Area,812.570039218503,Perimeter,2234.376763029945,CentroidX,130.265,CentroidY,432.115,CenterX,130.265,CenterY,432.115,R1,14.1582,R2,18.2685,Orientation,2.50959
476,Circle,Area,5762.238952989836,Perimeter,269.0918621061723,CentroidX,146.866,CentroidY,160.671,CenterX,146.866,CenterY,160.671,Radius,42.8273
477,Circle,Area,13822.384261290505,Perimeter,416.76996461052914,CentroidX,97.5372,CentroidY,374.161,CenterX,97.5372,CenterY,374.161,Radius,66.331
478,Square,Area,3188.45432896,Perimeter,225.8656,CentroidX,103.264,CentroidY,380.346,CenterX,103.264,CenterY,380.346,Side Length,56.4664,Orientation,2.55346
479,Equilateral Triangle,Area,332.41905858879016,Perimeter,83.1216,CentroidX,453.729,CentroidY,10.2172,CenterX,453.729,CenterY,10.2172,Side Length,27.7072,Orientation,1.8481
480,Polygon,Area,137984.98787418753,Perimeter,1505.0363759204306,CentroidX,267.27035650696547,CentroidY,273.1282516387686,X0,493.386,Y0,68.3795,X1,466.053,Y1,414.523,X2,112.491,Y2,461.451,X3,10.032,Y3,260.506,X4,9.46125,Y4,181.998,X5,493.386,Y5,68.3795
481,Ellipse,Area,1276.6104054505267,Perimeter,3530.012467330224,CentroidX,22.2834,CentroidY,466.66,CenterX,22.2834,CenterY,466.66,R1,10.2337,R2,39.7078,Orientation,3.10075
482,Ellipse,Area,735.5414456301692,Perimeter,1958.361876599201,CentroidX,187.334,CentroidY,321.311,CenterX,187.334,CenterY,321.311,R1,6.60217,R2,35.4626,Orientation,0.900472
483,Circle,Area,25341.99795425888,Perimeter,564.3198901346195,CentroidX,440.068,CentroidY,272.315,CenterX,440.068,CenterY,272.315,Radius,89.8143
484,Polygon,Area,78397.8637533,Perimeter,1320.0094595845733,CentroidX,220.17575011936378,CentroidY,210.8745154592071,X0,318.974,Y0,34.9106,X1,410.666,Y1,47.3668,X2,436.53,Y2,98.6272,X3,294.98,Y3,254.775,X4,156.163,Y4,399.203,X5,26.3598,Y5,488.938,X6,140.692,Y6,105.515,X7,173.507,Y7,64.331,X8,318.974,Y8,34.9106
485,Circle,Area,10778.238148277493,Perimeter,368.0262696344913,CentroidX,474.296,CentroidY,347.887,CenterX,474.296,CenterY,347.887,Radius,58.5732
486,Ellipse,Area,489.20095315572263,Perimeter,1253.4605756778765,CentroidX,30.131,CentroidY,24.8185,CenterX,30.131,CenterY,24.8185,R1,4.91052,R2,31.711,Orientation,1.28191
487,Equilateral Triangle,Area,3248.424788772403,Perimeter,259.8408,CentroidX,243.638,CentroidY,313.296,CenterX,243.638,CenterY,313.296,Side Length,86.6136,Orientation,0.133589
488,Ellipse,Area,4005.3030249392336,Perimeter,11555.718582637894,CentroidX,10.5413,CentroidY,274.872,CenterX,10.5413,CenterY,274.872,R1,27.5288,R2,46.3125,Orientation,3.61051
489,Ellipse,Area,1690.4059458565455,Perimeter,4725.156476245498,CentroidX,145.028,CentroidY,357.923,CenterX,145.028,CenterY,357.923,R1,11.7023,R2,45.9801,Orientation,1.29991
490,Circle,Area,1434.9882069835007,Perimeter,134.28549302210354,CentroidX,257.236,CentroidY,81.6069,CenterX,257.236,CenterY,81.6069,Radius,21.3722
491,Polygon,Area,126724.09328295002,Perimeter,1385.0284968864958,CentroidX,301.7474729743106,CentroidY,291.5668441521693,X0,371.029,Y0,61.7021,X1,481.071,Y1,222.575,X2,492.909,Y2,437.987,X3,470.587,Y3,479,X4,72.3649,Y4,431.414,X5,106.288,Y5,280.131,X6,215.122,Y6,99.0411,X7,371.029,Y7,61.7021
492,Circle,Area,5.1358517565994735,Perimeter,8.033617901906746,CentroidX,473.946,CentroidY,379.315,CenterX,473.946,CenterY,379.315,Radius,1.27859
493,Circle,Area,8867.744181122263,Perimeter,333.8193521851442,CentroidX,310.905,CentroidY,218.506,CenterX,310.905,CenterY,218.506,Radius,53.129
494,Circle,Area,7532.5921052467065,Perimeter,307.6643367069478,CentroidX,275.321,CentroidY,316.16,CenterX,275.321,CenterY,316.16,Radius,48.9663
495,Equilateral Triangle,Area,177.11886177178462,Perimeter,60.674099999999996,CentroidX,351.426,CentroidY,228.928,CenterX,351.426,CenterY,228.928,Side Length,20.2247,Orientation,4.28063
496,Ellipse,Area,1598.3465477608156,Perimeter,4466.37516004965,CentroidX,447.043,CentroidY,424.81,CenterX,447.043,CenterY,424.81,R1,42.5357,R2,11.961,Orientation,4.39556
497,Equilateral Triangle,Area,952.2113241137786,Perimeter,140.6817,CentroidX,185.791,CentroidY,251.464,CenterX,185.791,CenterY,251.464,Side Length,46.8939,Orientation,0.236733
498,Polygon,Area,160587.72223108003,Perimeter,1544.0591977277377,CentroidX,236.97491145881156,CentroidY,224.27079611111637,X0,222.716,Y0,20.6192,X1,427.934,Y1,33.814,X2,468.547,Y2,97.0422,X3,406.337,Y3,413.686,X4,145.675,Y4,439.895,X5,40.1974,Y5,432.621,X6,34.46,Y6,145.944,X7,56.5848,Y7,28.1735,X8,222.716,Y8,20.6192
499,Circle,Area,104.83323203361842,Perimeter,36.295636741012814,CentroidX,48.9149,CentroidY,284.362,CenterX,48.9149,CenterY,284.362,Radius,5.77663
500,Circle,Area,12304.029430454553,Perimeter,393.21367457538213,CentroidX,258.805,CentroidY,227.569,CenterX,258.805,CenterY,227.569,Radius,62.5819
